journal_title,product,source_url,source_type,issn,listed_title,listed_publisher,index_start,index_stop,full_text_start,full_text_stop,delay_months,availability,mid,interpretation
Management Science,Premier,https://about.ebsco.com/m/ee/Marketing/titleLists/buh-journals.htm,Academic Journal,0025-1909,Management Science (INFORMS),INFORMS: Institute for Operations Research & the Management Sciences,10/01/1954,,01/01/1998,,,Available Now,MGS,full_text_no_delay_listed
Management Science,Complete,https://about.ebsco.com/m/ee/Marketing/titleLists/bth-journals.htm,Academic Journal,0025-1909,Management Science (INFORMS),INFORMS: Institute for Operations Research & the Management Sciences,10/01/1954,,01/01/1998,,,Available Now,MGS,full_text_no_delay_listed
Management Science,Ultimate,https://about.ebsco.com/m/ee/Marketing/titleLists/bsu-journals.htm,Academic Journal,0025-1909,Management Science (INFORMS),INFORMS: Institute for Operations Research & the Management Sciences,10/01/1954,,10/01/1954,,,Available Now,MGS,full_text_no_delay_listed
Manufacturing & Service Operations Management,Premier,https://about.ebsco.com/m/ee/Marketing/titleLists/buh-journals.htm,Academic Journal,1523-4614,Manufacturing & Service Operations Management (M&SOM) (INFORMS),INFORMS: Institute for Operations Research & the Management Sciences,01/01/1999,,01/01/1999,,,Available Now,5YY,full_text_no_delay_listed
Manufacturing & Service Operations Management,Complete,https://about.ebsco.com/m/ee/Marketing/titleLists/bth-journals.htm,Academic Journal,1523-4614,Manufacturing & Service Operations Management (M&SOM) (INFORMS),INFORMS: Institute for Operations Research & the Management Sciences,01/01/1999,,01/01/1999,,,Available Now,5YY,full_text_no_delay_listed
Manufacturing & Service Operations Management,Ultimate,https://about.ebsco.com/m/ee/Marketing/titleLists/bsu-journals.htm,Academic Journal,1523-4614,Manufacturing & Service Operations Management (M&SOM) (INFORMS),INFORMS: Institute for Operations Research & the Management Sciences,01/01/1999,,01/01/1999,,,Available Now,5YY,full_text_no_delay_listed
Operations Research,Premier,https://about.ebsco.com/m/ee/Marketing/titleLists/buh-journals.htm,Academic Journal,0030-364X,Operations Research,INFORMS: Institute for Operations Research & the Management Sciences,02/01/1956,,01/01/1998,,,Available Now,OPR,full_text_no_delay_listed
Operations Research,Complete,https://about.ebsco.com/m/ee/Marketing/titleLists/bth-journals.htm,Academic Journal,0030-364X,Operations Research,INFORMS: Institute for Operations Research & the Management Sciences,02/01/1956,,01/01/1998,,,Available Now,OPR,full_text_no_delay_listed
Operations Research,Ultimate,https://about.ebsco.com/m/ee/Marketing/titleLists/bsu-journals.htm,Academic Journal,0030-364X,Operations Research,INFORMS: Institute for Operations Research & the Management Sciences,02/01/1956,,02/01/1956,,,Available Now,OPR,full_text_no_delay_listed
Production & Operations Management,Premier,https://about.ebsco.com/m/ee/Marketing/titleLists/buh-journals.htm,Academic Journal,1059-1478,Production & Operations Management,Sage Publications,01/01/2002,,,,,Available Now,9I9,indexed_no_full_text_listed
Production & Operations Management,Complete,https://about.ebsco.com/m/ee/Marketing/titleLists/bth-journals.htm,Academic Journal,1059-1478,Production & Operations Management,Sage Publications,01/01/2002,,,,,Available Now,9I9,indexed_no_full_text_listed
Production & Operations Management,Ultimate,https://about.ebsco.com/m/ee/Marketing/titleLists/bsu-journals.htm,Academic Journal,1059-1478,Production & Operations Management,Sage Publications,01/01/2002,,04/08/2006,,12,Available Now,9I9,full_text_embargo
Journal of Operations Management,Premier,https://about.ebsco.com/m/ee/Marketing/titleLists/buh-journals.htm,Academic Journal,0272-6963,Journal of Operations Management,Wiley-Blackwell,08/01/1980,,,,,Available Now,OPM,indexed_no_full_text_listed
Journal of Operations Management,Complete,https://about.ebsco.com/m/ee/Marketing/titleLists/bth-journals.htm,Academic Journal,0272-6963,Journal of Operations Management,Wiley-Blackwell,08/01/1980,,,,,Available Now,OPM,indexed_no_full_text_listed
Journal of Operations Management,Ultimate,https://about.ebsco.com/m/ee/Marketing/titleLists/bsu-journals.htm,Academic Journal,0272-6963,Journal of Operations Management,Wiley-Blackwell,08/01/1980,,01/01/2001,,12,Available Now,OPM,full_text_embargo
Decision Sciences,Premier,https://about.ebsco.com/m/ee/Marketing/titleLists/buh-journals.htm,Academic Journal,0011-7315,Decision Sciences,Wiley-Blackwell,01/01/1970,,03/01/2003,,12,Available Now,DEC,full_text_embargo
Decision Sciences,Complete,https://about.ebsco.com/m/ee/Marketing/titleLists/bth-journals.htm,Academic Journal,0011-7315,Decision Sciences,Wiley-Blackwell,01/01/1970,,03/01/2003,,12,Available Now,DEC,full_text_embargo
Decision Sciences,Ultimate,https://about.ebsco.com/m/ee/Marketing/titleLists/bsu-journals.htm,Academic Journal,0011-7315,Decision Sciences,Wiley-Blackwell,01/01/1970,,03/01/2003,,12,Available Now,DEC,full_text_embargo
European Journal of Operational Research,Premier,https://about.ebsco.com/m/ee/Marketing/titleLists/buh-journals.htm,Academic Journal,0377-2217,European Journal of Operational Research,Elsevier Science,01/01/1977,,,,,Available Now,EJO,indexed_no_full_text_listed
European Journal of Operational Research,Complete,https://about.ebsco.com/m/ee/Marketing/titleLists/bth-journals.htm,Academic Journal,0377-2217,European Journal of Operational Research,Elsevier Science,01/01/1977,,,,,Available Now,EJO,indexed_no_full_text_listed
European Journal of Operational Research,Ultimate,https://about.ebsco.com/m/ee/Marketing/titleLists/bsu-journals.htm,Academic Journal,0377-2217,European Journal of Operational Research,Elsevier Science,01/01/1977,,,,,Available Now,EJO,indexed_no_full_text_listed
International Journal of Production Economics,Premier,https://about.ebsco.com/m/ee/Marketing/titleLists/buh-journals.htm,Academic Journal,0925-5273,International Journal of Production Economics,Elsevier Science,09/01/1991,,,,,Available Now,IPE,indexed_no_full_text_listed
International Journal of Production Economics,Complete,https://about.ebsco.com/m/ee/Marketing/titleLists/bth-journals.htm,Academic Journal,0925-5273,International Journal of Production Economics,Elsevier Science,09/01/1991,,,,,Available Now,IPE,indexed_no_full_text_listed
International Journal of Production Economics,Ultimate,https://about.ebsco.com/m/ee/Marketing/titleLists/bsu-journals.htm,Academic Journal,0925-5273,International Journal of Production Economics,Elsevier Science,09/01/1991,,,,,Available Now,IPE,indexed_no_full_text_listed
International Journal of Production Research,Premier,https://about.ebsco.com/m/ee/Marketing/titleLists/buh-journals.htm,Academic Journal,0020-7543,International Journal of Production Research,Taylor & Francis Ltd,11/01/1961,,,,,Available Now,B95,indexed_no_full_text_listed
International Journal of Production Research,Complete,https://about.ebsco.com/m/ee/Marketing/titleLists/bth-journals.htm,Academic Journal,0020-7543,International Journal of Production Research,Taylor & Francis Ltd,11/01/1961,,,,,Available Now,B95,indexed_no_full_text_listed
International Journal of Production Research,Ultimate,https://about.ebsco.com/m/ee/Marketing/titleLists/bsu-journals.htm,Academic Journal,0020-7543,International Journal of Production Research,Taylor & Francis Ltd,11/01/1961,,11/01/1961,,,Available Now,B95,full_text_no_delay_listed
Production Planning & Control,Premier,https://about.ebsco.com/m/ee/Marketing/titleLists/buh-journals.htm,Academic Journal,0953-7287,Production Planning & Control,Taylor & Francis Ltd,01/01/1990,,,,,Available Now,BCS,indexed_no_full_text_listed
Production Planning & Control,Complete,https://about.ebsco.com/m/ee/Marketing/titleLists/bth-journals.htm,Academic Journal,0953-7287,Production Planning & Control,Taylor & Francis Ltd,01/01/1990,,,,,Available Now,BCS,indexed_no_full_text_listed
Production Planning & Control,Ultimate,https://about.ebsco.com/m/ee/Marketing/titleLists/bsu-journals.htm,Academic Journal,0953-7287,Production Planning & Control,Taylor & Francis Ltd,01/01/1990,,01/01/1998,,,Available Now,BCS,full_text_no_delay_listed
Journal of Supply Chain Management,Premier,https://about.ebsco.com/m/ee/Marketing/titleLists/buh-journals.htm,Academic Journal,1523-2409,Journal of Supply Chain Management,Wiley-Blackwell,01/01/1999,,,,,Available Now,5QT,indexed_no_full_text_listed
Journal of Supply Chain Management,Complete,https://about.ebsco.com/m/ee/Marketing/titleLists/bth-journals.htm,Academic Journal,1523-2409,Journal of Supply Chain Management,Wiley-Blackwell,01/01/1999,,,,,Available Now,5QT,indexed_no_full_text_listed
Journal of Supply Chain Management,Ultimate,https://about.ebsco.com/m/ee/Marketing/titleLists/bsu-journals.htm,Academic Journal,1523-2409,Journal of Supply Chain Management,Wiley-Blackwell,01/01/1999,,05/01/2004,,12,Available Now,5QT,full_text_embargo
Journal of Business Logistics,Premier,https://about.ebsco.com/m/ee/Marketing/titleLists/buh-journals.htm,Academic Journal,0735-3766,Journal of Business Logistics,Wiley-Blackwell,03/01/1978,,03/01/1978,,12,Available Now,JLG,full_text_embargo
Journal of Business Logistics,Complete,https://about.ebsco.com/m/ee/Marketing/titleLists/bth-journals.htm,Academic Journal,0735-3766,Journal of Business Logistics,Wiley-Blackwell,03/01/1978,,03/01/1978,,12,Available Now,JLG,full_text_embargo
Journal of Business Logistics,Ultimate,https://about.ebsco.com/m/ee/Marketing/titleLists/bsu-journals.htm,Academic Journal,0735-3766,Journal of Business Logistics,Wiley-Blackwell,03/01/1978,,03/01/1978,,12,Available Now,JLG,full_text_embargo
Supply Chain Management: An International Journal,Premier,https://about.ebsco.com/m/ee/Marketing/titleLists/buh-journals.htm,Academic Journal,1359-8546,Supply Chain Management,Emerald Publishing Limited,02/01/2003,,,,,Available Now,NGK,indexed_no_full_text_listed
Supply Chain Management: An International Journal,Complete,https://about.ebsco.com/m/ee/Marketing/titleLists/bth-journals.htm,Academic Journal,1359-8546,Supply Chain Management,Emerald Publishing Limited,02/01/2003,,,,,Available Now,NGK,indexed_no_full_text_listed
Supply Chain Management: An International Journal,Ultimate,https://about.ebsco.com/m/ee/Marketing/titleLists/bsu-journals.htm,Academic Journal,1359-8546,Supply Chain Management,Emerald Publishing Limited,02/01/2003,,,,,Available Now,NGK,indexed_no_full_text_listed
International Journal of Operations & Production Management,Premier,https://about.ebsco.com/m/ee/Marketing/titleLists/buh-journals.htm,Academic Journal,0144-3577,International Journal of Operations & Production Management,Emerald Publishing Limited,01/01/1980,,,,,Available Now,IOC,indexed_no_full_text_listed
International Journal of Operations & Production Management,Complete,https://about.ebsco.com/m/ee/Marketing/titleLists/bth-journals.htm,Academic Journal,0144-3577,International Journal of Operations & Production Management,Emerald Publishing Limited,01/01/1980,,,,,Available Now,IOC,indexed_no_full_text_listed
International Journal of Operations & Production Management,Ultimate,https://about.ebsco.com/m/ee/Marketing/titleLists/bsu-journals.htm,Academic Journal,0144-3577,International Journal of Operations & Production Management,Emerald Publishing Limited,01/01/1980,,,,,Available Now,IOC,indexed_no_full_text_listed
International Journal of Physical Distribution & Logistics Management,Premier,https://about.ebsco.com/m/ee/Marketing/titleLists/buh-journals.htm,Academic Journal,0960-0035,International Journal of Physical Distribution & Logistics Management,Emerald Publishing Limited,01/01/1994,,,,,Available Now,IDY,indexed_no_full_text_listed
International Journal of Physical Distribution & Logistics Management,Complete,https://about.ebsco.com/m/ee/Marketing/titleLists/bth-journals.htm,Academic Journal,0960-0035,International Journal of Physical Distribution & Logistics Management,Emerald Publishing Limited,01/01/1994,,,,,Available Now,IDY,indexed_no_full_text_listed
International Journal of Physical Distribution & Logistics Management,Ultimate,https://about.ebsco.com/m/ee/Marketing/titleLists/bsu-journals.htm,Academic Journal,0960-0035,International Journal of Physical Distribution & Logistics Management,Emerald Publishing Limited,01/01/1994,,,,,Available Now,IDY,indexed_no_full_text_listed
Transportation Science,Premier,https://about.ebsco.com/m/ee/Marketing/titleLists/buh-journals.htm,Academic Journal,0041-1655,Transportation Science (INFORMS),INFORMS: Institute for Operations Research & the Management Sciences,02/01/1967,,02/01/1998,,,Available Now,2HN,full_text_no_delay_listed
Transportation Science,Complete,https://about.ebsco.com/m/ee/Marketing/titleLists/bth-journals.htm,Academic Journal,0041-1655,Transportation Science (INFORMS),INFORMS: Institute for Operations Research & the Management Sciences,02/01/1967,,02/01/1998,,,Available Now,2HN,full_text_no_delay_listed
Transportation Science,Ultimate,https://about.ebsco.com/m/ee/Marketing/titleLists/bsu-journals.htm,Academic Journal,0041-1655,Transportation Science (INFORMS),INFORMS: Institute for Operations Research & the Management Sciences,02/01/1967,,02/01/1967,,,Available Now,2HN,full_text_no_delay_listed
Transportation Research Part A: Policy & Practice,Premier,https://about.ebsco.com/m/ee/Marketing/titleLists/buh-journals.htm,Academic Journal,0965-8564,Transportation Research Part A: Policy & Practice,Pergamon Press - An Imprint of Elsevier Science,01/01/1993,,,,,Available Now,TSR,indexed_no_full_text_listed
Transportation Research Part A: Policy & Practice,Complete,https://about.ebsco.com/m/ee/Marketing/titleLists/bth-journals.htm,Academic Journal,0965-8564,Transportation Research Part A: Policy & Practice,Pergamon Press - An Imprint of Elsevier Science,01/01/1993,,,,,Available Now,TSR,indexed_no_full_text_listed
Transportation Research Part A: Policy & Practice,Ultimate,https://about.ebsco.com/m/ee/Marketing/titleLists/bsu-journals.htm,Academic Journal,0965-8564,Transportation Research Part A: Policy & Practice,Pergamon Press - An Imprint of Elsevier Science,01/01/1993,,,,,Available Now,TSR,indexed_no_full_text_listed
Transportation Research Part B: Methodological,Premier,https://about.ebsco.com/m/ee/Marketing/titleLists/buh-journals.htm,Academic Journal,0191-2615,Transportation Research Part B: Methodological,Pergamon Press - An Imprint of Elsevier Science,01/01/1993,,,,,Available Now,TRB,indexed_no_full_text_listed
Transportation Research Part B: Methodological,Complete,https://about.ebsco.com/m/ee/Marketing/titleLists/bth-journals.htm,Academic Journal,0191-2615,Transportation Research Part B: Methodological,Pergamon Press - An Imprint of Elsevier Science,01/01/1993,,,,,Available Now,TRB,indexed_no_full_text_listed
Transportation Research Part B: Methodological,Ultimate,https://about.ebsco.com/m/ee/Marketing/titleLists/bsu-journals.htm,Academic Journal,0191-2615,Transportation Research Part B: Methodological,Pergamon Press - An Imprint of Elsevier Science,01/01/1993,,,,,Available Now,TRB,indexed_no_full_text_listed
Transportation Research Part C: Emerging Technologies,Premier,https://about.ebsco.com/m/ee/Marketing/titleLists/buh-journals.htm,Academic Journal,0968-090X,Transportation Research Part C: Emerging Technologies,Pergamon Press - An Imprint of Elsevier Science,03/01/1993,,,,,Available Now,TRC,indexed_no_full_text_listed
Transportation Research Part C: Emerging Technologies,Complete,https://about.ebsco.com/m/ee/Marketing/titleLists/bth-journals.htm,Academic Journal,0968-090X,Transportation Research Part C: Emerging Technologies,Pergamon Press - An Imprint of Elsevier Science,03/01/1993,,,,,Available Now,TRC,indexed_no_full_text_listed
Transportation Research Part C: Emerging Technologies,Ultimate,https://about.ebsco.com/m/ee/Marketing/titleLists/bsu-journals.htm,Academic Journal,0968-090X,Transportation Research Part C: Emerging Technologies,Pergamon Press - An Imprint of Elsevier Science,03/01/1993,,,,,Available Now,TRC,indexed_no_full_text_listed
Transportation Research Part D: Transport & Environment,Premier,https://about.ebsco.com/m/ee/Marketing/titleLists/buh-journals.htm,Academic Journal,1361-9209,Transportation Research Part D: Transport & Environment,Pergamon Press - An Imprint of Elsevier Science,06/01/2002,,,,,Available Now,JJM,indexed_no_full_text_listed
Transportation Research Part D: Transport & Environment,Complete,https://about.ebsco.com/m/ee/Marketing/titleLists/bth-journals.htm,Academic Journal,1361-9209,Transportation Research Part D: Transport & Environment,Pergamon Press - An Imprint of Elsevier Science,06/01/2002,,,,,Available Now,JJM,indexed_no_full_text_listed
Transportation Research Part D: Transport & Environment,Ultimate,https://about.ebsco.com/m/ee/Marketing/titleLists/bsu-journals.htm,Academic Journal,1361-9209,Transportation Research Part D: Transport & Environment,Pergamon Press - An Imprint of Elsevier Science,06/01/2002,,,,,Available Now,JJM,indexed_no_full_text_listed
Transportation Research Part E: Logistics & Transportation Review,Premier,https://about.ebsco.com/m/ee/Marketing/titleLists/buh-journals.htm,Academic Journal,1366-5545,Transportation Research Part E: Logistics & Transportation Review,Pergamon Press - An Imprint of Elsevier Science,03/01/1997,,,,,Available Now,TTT,indexed_no_full_text_listed
Transportation Research Part E: Logistics & Transportation Review,Complete,https://about.ebsco.com/m/ee/Marketing/titleLists/bth-journals.htm,Academic Journal,1366-5545,Transportation Research Part E: Logistics & Transportation Review,Pergamon Press - An Imprint of Elsevier Science,03/01/1997,,,,,Available Now,TTT,indexed_no_full_text_listed
Transportation Research Part E: Logistics & Transportation Review,Ultimate,https://about.ebsco.com/m/ee/Marketing/titleLists/bsu-journals.htm,Academic Journal,1366-5545,Transportation Research Part E: Logistics & Transportation Review,Pergamon Press - An Imprint of Elsevier Science,03/01/1997,,,,,Available Now,TTT,indexed_no_full_text_listed
Naval Research Logistics,Premier,https://about.ebsco.com/m/ee/Marketing/titleLists/buh-journals.htm,Academic Journal,0894-069X,Naval Research Logistics,Wiley-Blackwell,08/01/2006,,08/01/2012,,12,Available Now,O78,full_text_embargo
Naval Research Logistics,Complete,https://about.ebsco.com/m/ee/Marketing/titleLists/bth-journals.htm,Academic Journal,0894-069X,Naval Research Logistics,Wiley-Blackwell,08/01/2006,,08/01/2012,,12,Available Now,O78,full_text_embargo
Naval Research Logistics,Ultimate,https://about.ebsco.com/m/ee/Marketing/titleLists/bsu-journals.htm,Academic Journal,0894-069X,Naval Research Logistics,Wiley-Blackwell,08/01/2006,,08/01/2012,,12,Available Now,O78,full_text_embargo
IISE Transactions,Premier,https://about.ebsco.com/m/ee/Marketing/titleLists/buh-journals.htm,Academic Journal,2472-5854,IISE Transactions,Taylor & Francis Ltd,06/01/2017,,06/01/2017,,12,Available Now,LEVO,full_text_embargo
IISE Transactions,Complete,https://about.ebsco.com/m/ee/Marketing/titleLists/bth-journals.htm,Academic Journal,2472-5854,IISE Transactions,Taylor & Francis Ltd,06/01/2017,,06/01/2017,,12,Available Now,LEVO,full_text_embargo
IISE Transactions,Ultimate,https://about.ebsco.com/m/ee/Marketing/titleLists/bsu-journals.htm,Academic Journal,2472-5854,IISE Transactions,Taylor & Francis Ltd,06/01/2017,,06/01/2017,,12,Available Now,LEVO,full_text_embargo
IIE Transactions,Premier,https://about.ebsco.com/m/ee/Marketing/titleLists/buh-journals.htm,Academic Journal,0740-817X,IIE Transactions,Taylor & Francis Ltd,07/01/1996,05/31/2017,01/01/2001,05/31/2017,,Available Now,IIE,full_text_ended
IIE Transactions,Complete,https://about.ebsco.com/m/ee/Marketing/titleLists/bth-journals.htm,Academic Journal,0740-817X,IIE Transactions,Taylor & Francis Ltd,07/01/1996,05/31/2017,01/01/2001,05/31/2017,,Available Now,IIE,full_text_ended
IIE Transactions,Ultimate,https://about.ebsco.com/m/ee/Marketing/titleLists/bsu-journals.htm,Academic Journal,0740-817X,IIE Transactions,Taylor & Francis Ltd,07/01/1996,05/31/2017,01/01/2001,05/31/2017,,Available Now,IIE,full_text_ended
Service Science,Premier,https://about.ebsco.com/m/ee/Marketing/titleLists/buh-journals.htm,Academic Journal,2164-3962,Service Science (INFORMS),INFORMS: Institute for Operations Research & the Management Sciences,03/01/2009,,03/01/2009,,,Available Now,FS30,full_text_no_delay_listed
Service Science,Complete,https://about.ebsco.com/m/ee/Marketing/titleLists/bth-journals.htm,Academic Journal,2164-3962,Service Science (INFORMS),INFORMS: Institute for Operations Research & the Management Sciences,03/01/2009,,03/01/2009,,,Available Now,FS30,full_text_no_delay_listed
Service Science,Ultimate,https://about.ebsco.com/m/ee/Marketing/titleLists/bsu-journals.htm,Academic Journal,2164-3962,Service Science (INFORMS),INFORMS: Institute for Operations Research & the Management Sciences,03/01/2009,,03/01/2009,,,Available Now,FS30,full_text_no_delay_listed
Service Industries Journal,Premier,https://about.ebsco.com/m/ee/Marketing/titleLists/buh-journals.htm,Academic Journal,0264-2069,Service Industries Journal,Taylor & Francis Ltd,02/01/1981,,02/01/1981,,12,Available Now,SJO,full_text_embargo
Service Industries Journal,Complete,https://about.ebsco.com/m/ee/Marketing/titleLists/bth-journals.htm,Academic Journal,0264-2069,Service Industries Journal,Taylor & Francis Ltd,02/01/1981,,02/01/1981,,12,Available Now,SJO,full_text_embargo
Service Industries Journal,Ultimate,https://about.ebsco.com/m/ee/Marketing/titleLists/bsu-journals.htm,Academic Journal,0264-2069,Service Industries Journal,Taylor & Francis Ltd,02/01/1981,,02/01/1981,,12,Available Now,SJO,full_text_embargo
Journal of Service Research,Premier,https://about.ebsco.com/m/ee/Marketing/titleLists/buh-journals.htm,Academic Journal,1094-6705,Journal of Service Research,Sage Publications,01/01/1999,,,,,Available Now,3FE,indexed_no_full_text_listed
Journal of Service Research,Complete,https://about.ebsco.com/m/ee/Marketing/titleLists/bth-journals.htm,Academic Journal,1094-6705,Journal of Service Research,Sage Publications,01/01/1999,,,,,Available Now,3FE,indexed_no_full_text_listed
Journal of Service Research,Ultimate,https://about.ebsco.com/m/ee/Marketing/titleLists/bsu-journals.htm,Academic Journal,1094-6705,Journal of Service Research,Sage Publications,01/01/1999,,07/01/2009,,,Available Now,3FE,full_text_no_delay_listed
Health Care Management Science,Premier,https://about.ebsco.com/m/ee/Marketing/titleLists/buh-journals.htm,Academic Journal,1386-9620,Health Care Management Science,Springer Nature,03/01/1998,,,,,Available Now,BSE,indexed_no_full_text_listed
Health Care Management Science,Complete,https://about.ebsco.com/m/ee/Marketing/titleLists/bth-journals.htm,Academic Journal,1386-9620,Health Care Management Science,Springer Nature,03/01/1998,,03/01/1998,,12,Available Now,BSE,full_text_embargo
Health Care Management Science,Ultimate,https://about.ebsco.com/m/ee/Marketing/titleLists/bsu-journals.htm,Academic Journal,1386-9620,Health Care Management Science,Springer Nature,03/01/1998,,03/01/1998,,12,Available Now,BSE,full_text_embargo
Omega,Premier,https://about.ebsco.com/m/ee/Marketing/titleLists/buh-journals.htm,Academic Journal,0305-0483,Omega,Pergamon Press - An Imprint of Elsevier Science,02/01/1997,,,,,Available Now,1M2,indexed_no_full_text_listed
Omega,Complete,https://about.ebsco.com/m/ee/Marketing/titleLists/bth-journals.htm,Academic Journal,0305-0483,Omega,Pergamon Press - An Imprint of Elsevier Science,02/01/1997,,,,,Available Now,1M2,indexed_no_full_text_listed
Omega,Ultimate,https://about.ebsco.com/m/ee/Marketing/titleLists/bsu-journals.htm,Academic Journal,0305-0483,Omega,Pergamon Press - An Imprint of Elsevier Science,02/01/1997,,,,,Available Now,1M2,indexed_no_full_text_listed
Computers & Operations Research,Premier,https://about.ebsco.com/m/ee/Marketing/titleLists/buh-journals.htm,Magazine,0305-0548,Computers & Operations Research,Pergamon Press - An Imprint of Elsevier Science,07/01/1993,,,,,Available Now,COT,indexed_no_full_text_listed
Computers & Operations Research,Complete,https://about.ebsco.com/m/ee/Marketing/titleLists/bth-journals.htm,Magazine,0305-0548,Computers & Operations Research,Pergamon Press - An Imprint of Elsevier Science,07/01/1993,,,,,Available Now,COT,indexed_no_full_text_listed
Computers & Operations Research,Ultimate,https://about.ebsco.com/m/ee/Marketing/titleLists/bsu-journals.htm,Magazine,0305-0548,Computers & Operations Research,Pergamon Press - An Imprint of Elsevier Science,07/01/1993,,,,,Available Now,COT,indexed_no_full_text_listed
Computers & Industrial Engineering,Premier,https://about.ebsco.com/m/ee/Marketing/titleLists/buh-journals.htm,Academic Journal,0360-8352,Computers & Industrial Engineering,Pergamon Press - An Imprint of Elsevier Science,04/01/1985,,,,,Available Now,CGF,indexed_no_full_text_listed
Computers & Industrial Engineering,Complete,https://about.ebsco.com/m/ee/Marketing/titleLists/bth-journals.htm,Academic Journal,0360-8352,Computers & Industrial Engineering,Pergamon Press - An Imprint of Elsevier Science,04/01/1985,,,,,Available Now,CGF,indexed_no_full_text_listed
Computers & Industrial Engineering,Ultimate,https://about.ebsco.com/m/ee/Marketing/titleLists/bsu-journals.htm,Academic Journal,0360-8352,Computers & Industrial Engineering,Pergamon Press - An Imprint of Elsevier Science,04/01/1985,,,,,Available Now,CGF,indexed_no_full_text_listed
Mathematics of Operations Research,Premier,https://about.ebsco.com/m/ee/Marketing/titleLists/buh-journals.htm,Academic Journal,0364-765X,Mathematics of Operations Research (INFORMS),INFORMS: Institute for Operations Research & the Management Sciences,02/01/1976,,02/01/1998,,,Available Now,MOR,full_text_no_delay_listed
Mathematics of Operations Research,Complete,https://about.ebsco.com/m/ee/Marketing/titleLists/bth-journals.htm,Academic Journal,0364-765X,Mathematics of Operations Research (INFORMS),INFORMS: Institute for Operations Research & the Management Sciences,02/01/1976,,02/01/1998,,,Available Now,MOR,full_text_no_delay_listed
Mathematics of Operations Research,Ultimate,https://about.ebsco.com/m/ee/Marketing/titleLists/bsu-journals.htm,Academic Journal,0364-765X,Mathematics of Operations Research (INFORMS),INFORMS: Institute for Operations Research & the Management Sciences,02/01/1976,,02/01/1976,,,Available Now,MOR,full_text_no_delay_listed
INFORMS Journal on Computing,Premier,https://about.ebsco.com/m/ee/Marketing/titleLists/buh-journals.htm,Academic Journal,1091-9856,INFORMS Journal on Computing,INFORMS: Institute for Operations Research & the Management Sciences,01/01/1996,,01/01/1998,,,Available Now,7EE,full_text_no_delay_listed
INFORMS Journal on Computing,Complete,https://about.ebsco.com/m/ee/Marketing/titleLists/bth-journals.htm,Academic Journal,1091-9856,INFORMS Journal on Computing,INFORMS: Institute for Operations Research & the Management Sciences,01/01/1996,,01/01/1998,,,Available Now,7EE,full_text_no_delay_listed
INFORMS Journal on Computing,Ultimate,https://about.ebsco.com/m/ee/Marketing/titleLists/bsu-journals.htm,Academic Journal,1091-9856,INFORMS Journal on Computing,INFORMS: Institute for Operations Research & the Management Sciences,01/01/1996,,01/01/1996,,,Available Now,7EE,full_text_no_delay_listed
INFORMS Journal on Optimization,Premier,https://about.ebsco.com/m/ee/Marketing/titleLists/buh-journals.htm,Academic Journal,2575-1484,INFORMS Journal on Optimization,INFORMS: Institute for Operations Research & the Management Sciences,01/01/2019,,01/01/2019,,,Available Now,N81D,full_text_no_delay_listed
INFORMS Journal on Optimization,Complete,https://about.ebsco.com/m/ee/Marketing/titleLists/bth-journals.htm,Academic Journal,2575-1484,INFORMS Journal on Optimization,INFORMS: Institute for Operations Research & the Management Sciences,01/01/2019,,01/01/2019,,,Available Now,N81D,full_text_no_delay_listed
INFORMS Journal on Optimization,Ultimate,https://about.ebsco.com/m/ee/Marketing/titleLists/bsu-journals.htm,Academic Journal,2575-1484,INFORMS Journal on Optimization,INFORMS: Institute for Operations Research & the Management Sciences,01/01/2019,,01/01/2019,,,Available Now,N81D,full_text_no_delay_listed
INFORMS Journal on Data Science,Premier,https://about.ebsco.com/m/ee/Marketing/titleLists/buh-journals.htm,Academic Journal,2694-4022,INFORMS Journal on Data Science,INFORMS: Institute for Operations Research & the Management Sciences,04/01/2022,,04/01/2022,,,Available Now,N81C,full_text_no_delay_listed
INFORMS Journal on Data Science,Complete,https://about.ebsco.com/m/ee/Marketing/titleLists/bth-journals.htm,Academic Journal,2694-4022,INFORMS Journal on Data Science,INFORMS: Institute for Operations Research & the Management Sciences,04/01/2022,,04/01/2022,,,Available Now,N81C,full_text_no_delay_listed
INFORMS Journal on Data Science,Ultimate,https://about.ebsco.com/m/ee/Marketing/titleLists/bsu-journals.htm,Academic Journal,2694-4022,INFORMS Journal on Data Science,INFORMS: Institute for Operations Research & the Management Sciences,04/01/2022,,04/01/2022,,,Available Now,N81C,full_text_no_delay_listed
INFORMS Journal on Applied Analytics,Premier,https://about.ebsco.com/m/ee/Marketing/titleLists/buh-journals.htm,Academic Journal,2644-0865,INFORMS Journal on Applied Analytics,INFORMS: Institute for Operations Research & the Management Sciences,01/01/2019,,01/01/2019,,,Available Now,MBED,full_text_no_delay_listed
INFORMS Journal on Applied Analytics,Complete,https://about.ebsco.com/m/ee/Marketing/titleLists/bth-journals.htm,Academic Journal,2644-0865,INFORMS Journal on Applied Analytics,INFORMS: Institute for Operations Research & the Management Sciences,01/01/2019,,01/01/2019,,,Available Now,MBED,full_text_no_delay_listed
INFORMS Journal on Applied Analytics,Ultimate,https://about.ebsco.com/m/ee/Marketing/titleLists/bsu-journals.htm,Academic Journal,2644-0865,INFORMS Journal on Applied Analytics,INFORMS: Institute for Operations Research & the Management Sciences,01/01/2019,,01/01/2019,,,Available Now,MBED,full_text_no_delay_listed
Interfaces,Premier,https://about.ebsco.com/m/ee/Marketing/titleLists/buh-journals.htm,Academic Journal,1526-551X,Interfaces,INFORMS: Institute for Operations Research & the Management Sciences,11/01/1970,12/31/2018,01/01/1998,12/31/2018,,Available Now,IFE,full_text_ended
Interfaces,Complete,https://about.ebsco.com/m/ee/Marketing/titleLists/bth-journals.htm,Academic Journal,1526-551X,Interfaces,INFORMS: Institute for Operations Research & the Management Sciences,11/01/1970,12/31/2018,01/01/1998,12/31/2018,,Available Now,IFE,full_text_ended
Interfaces,Ultimate,https://about.ebsco.com/m/ee/Marketing/titleLists/bsu-journals.htm,Academic Journal,1526-551X,Interfaces,INFORMS: Institute for Operations Research & the Management Sciences,11/01/1970,12/31/2018,11/01/1970,12/31/2018,,Available Now,IFE,full_text_ended
Decision Analysis,Premier,https://about.ebsco.com/m/ee/Marketing/titleLists/buh-journals.htm,Academic Journal,1545-8490,Decision Analysis (INFORMS),INFORMS: Institute for Operations Research & the Management Sciences,03/01/2004,,03/01/2004,,,Available Now,RD0,full_text_no_delay_listed
Decision Analysis,Complete,https://about.ebsco.com/m/ee/Marketing/titleLists/bth-journals.htm,Academic Journal,1545-8490,Decision Analysis (INFORMS),INFORMS: Institute for Operations Research & the Management Sciences,03/01/2004,,03/01/2004,,,Available Now,RD0,full_text_no_delay_listed
Decision Analysis,Ultimate,https://about.ebsco.com/m/ee/Marketing/titleLists/bsu-journals.htm,Academic Journal,1545-8490,Decision Analysis (INFORMS),INFORMS: Institute for Operations Research & the Management Sciences,03/01/2004,,03/01/2004,,,Available Now,RD0,full_text_no_delay_listed
Stochastic Systems,Premier,https://about.ebsco.com/m/ee/Marketing/titleLists/buh-journals.htm,Academic Journal,1946-5238,Stochastic Systems (INFORMS),INFORMS: Institute for Operations Research & the Management Sciences,06/01/2011,,06/01/2011,,,Available Now,L70Y,full_text_no_delay_listed
Stochastic Systems,Complete,https://about.ebsco.com/m/ee/Marketing/titleLists/bth-journals.htm,Academic Journal,1946-5238,Stochastic Systems (INFORMS),INFORMS: Institute for Operations Research & the Management Sciences,06/01/2011,,06/01/2011,,,Available Now,L70Y,full_text_no_delay_listed
Stochastic Systems,Ultimate,https://about.ebsco.com/m/ee/Marketing/titleLists/bsu-journals.htm,Academic Journal,1946-5238,Stochastic Systems (INFORMS),INFORMS: Institute for Operations Research & the Management Sciences,06/01/2011,,06/01/2011,,,Available Now,L70Y,full_text_no_delay_listed
INFORMS Transactions on Education,Premier,https://about.ebsco.com/m/ee/Marketing/titleLists/buh-journals.htm,Academic Journal,1532-0545,INFORMS Transactions on Education,INFORMS: Institute for Operations Research & the Management Sciences,09/01/2000,,09/01/2000,,,Available Now,2WZS,full_text_no_delay_listed
INFORMS Transactions on Education,Complete,https://about.ebsco.com/m/ee/Marketing/titleLists/bth-journals.htm,Academic Journal,1532-0545,INFORMS Transactions on Education,INFORMS: Institute for Operations Research & the Management Sciences,09/01/2000,,09/01/2000,,,Available Now,2WZS,full_text_no_delay_listed
INFORMS Transactions on Education,Ultimate,https://about.ebsco.com/m/ee/Marketing/titleLists/bsu-journals.htm,Academic Journal,1532-0545,INFORMS Transactions on Education,INFORMS: Institute for Operations Research & the Management Sciences,09/01/2000,,09/01/2000,,,Available Now,2WZS,full_text_no_delay_listed
Operations Research Letters,Premier,https://about.ebsco.com/m/ee/Marketing/titleLists/buh-journals.htm,Academic Journal,0167-6377,Operations Research Letters,Elsevier Science,01/01/2002,09/30/2025,,,,Available Now,3RP,indexed_no_full_text_listed
Operations Research Letters,Complete,https://about.ebsco.com/m/ee/Marketing/titleLists/bth-journals.htm,Academic Journal,0167-6377,Operations Research Letters,Elsevier Science,01/01/2002,09/30/2025,,,,Available Now,3RP,indexed_no_full_text_listed
Operations Research Letters,Ultimate,https://about.ebsco.com/m/ee/Marketing/titleLists/bsu-journals.htm,Academic Journal,0167-6377,Operations Research Letters,Elsevier Science,01/01/2002,09/30/2025,,,,Available Now,3RP,indexed_no_full_text_listed
Annals of Operations Research,Premier,https://about.ebsco.com/m/ee/Marketing/titleLists/buh-journals.htm,Academic Journal,0254-5330,Annals of Operations Research,Springer Nature,08/01/1984,,,,,Available Now,BQK,indexed_no_full_text_listed
Annals of Operations Research,Complete,https://about.ebsco.com/m/ee/Marketing/titleLists/bth-journals.htm,Academic Journal,0254-5330,Annals of Operations Research,Springer Nature,08/01/1984,,08/01/1984,,12,Available Now,BQK,full_text_embargo
Annals of Operations Research,Ultimate,https://about.ebsco.com/m/ee/Marketing/titleLists/bsu-journals.htm,Academic Journal,0254-5330,Annals of Operations Research,Springer Nature,08/01/1984,,08/01/1984,,12,Available Now,BQK,full_text_embargo
Journal of the Operational Research Society,Premier,https://about.ebsco.com/m/ee/Marketing/titleLists/buh-journals.htm,Academic Journal,0160-5682,Journal of the Operational Research Society,Taylor & Francis Ltd,07/01/1993,,,,,Available Now,ORS,indexed_no_full_text_listed
Journal of the Operational Research Society,Complete,https://about.ebsco.com/m/ee/Marketing/titleLists/bth-journals.htm,Academic Journal,0160-5682,Journal of the Operational Research Society,Taylor & Francis Ltd,07/01/1993,,,,,Available Now,ORS,indexed_no_full_text_listed
Journal of the Operational Research Society,Ultimate,https://about.ebsco.com/m/ee/Marketing/titleLists/bsu-journals.htm,Academic Journal,0160-5682,Journal of the Operational Research Society,Taylor & Francis Ltd,07/01/1993,,,,,Available Now,ORS,indexed_no_full_text_listed
Mathematical Programming,Premier,https://about.ebsco.com/m/ee/Marketing/titleLists/buh-journals.htm,Academic Journal,0025-5610,Mathematical Programming,Springer Nature,01/01/1999,,01/01/1999,,12,Available Now,3ON,full_text_embargo
Mathematical Programming,Complete,https://about.ebsco.com/m/ee/Marketing/titleLists/bth-journals.htm,Academic Journal,0025-5610,Mathematical Programming,Springer Nature,01/01/1999,,01/01/1999,,12,Available Now,3ON,full_text_embargo
Mathematical Programming,Ultimate,https://about.ebsco.com/m/ee/Marketing/titleLists/bsu-journals.htm,Academic Journal,0025-5610,Mathematical Programming,Springer Nature,01/01/1999,,01/01/1999,,12,Available Now,3ON,full_text_embargo
SIAM Journal on Optimization,Premier,https://about.ebsco.com/m/ee/Marketing/titleLists/buh-journals.htm,Academic Journal,1052-6234,SIAM Journal on Optimization,Society for Industrial & Applied Mathematics,08/01/2002,,08/01/2002,07/08/2011,,Available Now,KTY,full_text_ended
SIAM Journal on Optimization,Complete,https://about.ebsco.com/m/ee/Marketing/titleLists/bth-journals.htm,Academic Journal,1052-6234,SIAM Journal on Optimization,Society for Industrial & Applied Mathematics,08/01/2002,,08/01/2002,07/08/2011,,Available Now,KTY,full_text_ended
SIAM Journal on Optimization,Ultimate,https://about.ebsco.com/m/ee/Marketing/titleLists/bsu-journals.htm,Academic Journal,1052-6234,SIAM Journal on Optimization,Society for Industrial & Applied Mathematics,08/01/2002,,08/01/2002,07/08/2011,,Available Now,KTY,full_text_ended
Mathematical Methods of Operations Research,Premier,https://about.ebsco.com/m/ee/Marketing/titleLists/buh-journals.htm,Academic Journal,1432-2994,Mathematical Methods of Operations Research,Springer Nature,02/01/1998,,02/01/1998,,12,Available Now,72G,full_text_embargo
Mathematical Methods of Operations Research,Complete,https://about.ebsco.com/m/ee/Marketing/titleLists/bth-journals.htm,Academic Journal,1432-2994,Mathematical Methods of Operations Research,Springer Nature,02/01/1998,,02/01/1998,,12,Available Now,72G,full_text_embargo
Mathematical Methods of Operations Research,Ultimate,https://about.ebsco.com/m/ee/Marketing/titleLists/bsu-journals.htm,Academic Journal,1432-2994,Mathematical Methods of Operations Research,Springer Nature,02/01/1998,,02/01/1998,,12,Available Now,72G,full_text_embargo
Stochastic Models,Premier,https://about.ebsco.com/m/ee/Marketing/titleLists/buh-journals.htm,Academic Journal,1532-6349,Stochastic Models,Taylor & Francis Ltd,02/01/2001,,02/01/2001,,12,Available Now,I3F,full_text_embargo
Stochastic Models,Complete,https://about.ebsco.com/m/ee/Marketing/titleLists/bth-journals.htm,Academic Journal,1532-6349,Stochastic Models,Taylor & Francis Ltd,02/01/2001,,02/01/2001,,12,Available Now,I3F,full_text_embargo
Stochastic Models,Ultimate,https://about.ebsco.com/m/ee/Marketing/titleLists/bsu-journals.htm,Academic Journal,1532-6349,Stochastic Models,Taylor & Francis Ltd,02/01/2001,,02/01/2001,,12,Available Now,I3F,full_text_embargo
Annals of Applied Probability,Premier,https://about.ebsco.com/m/ee/Marketing/titleLists/buh-journals.htm,Academic Journal,1050-5164,Annals of Applied Probability,Institute of Mathematical Statistics,02/01/1991,12/01/2018,,,,Available Now,8A8,indexed_no_full_text_listed
Annals of Applied Probability,Complete,https://about.ebsco.com/m/ee/Marketing/titleLists/bth-journals.htm,Academic Journal,1050-5164,Annals of Applied Probability,Institute of Mathematical Statistics,02/01/1991,12/01/2018,,,,Available Now,8A8,indexed_no_full_text_listed
Annals of Applied Probability,Ultimate,https://about.ebsco.com/m/ee/Marketing/titleLists/bsu-journals.htm,Academic Journal,1050-5164,Annals of Applied Probability,Institute of Mathematical Statistics,02/01/1991,12/01/2018,,,,Available Now,8A8,indexed_no_full_text_listed
Probability Theory & Related Fields,Premier,https://about.ebsco.com/m/ee/Marketing/titleLists/buh-journals.htm,Academic Journal,0178-8051,Probability Theory & Related Fields,Springer Nature,09/01/1996,,09/01/1996,,12,Available Now,72K,full_text_embargo
Probability Theory & Related Fields,Complete,https://about.ebsco.com/m/ee/Marketing/titleLists/bth-journals.htm,Academic Journal,0178-8051,Probability Theory & Related Fields,Springer Nature,09/01/1996,,09/01/1996,,12,Available Now,72K,full_text_embargo
Probability Theory & Related Fields,Ultimate,https://about.ebsco.com/m/ee/Marketing/titleLists/bsu-journals.htm,Academic Journal,0178-8051,Probability Theory & Related Fields,Springer Nature,09/01/1996,,09/01/1996,,12,Available Now,72K,full_text_embargo
Marketing Science,Premier,https://about.ebsco.com/m/ee/Marketing/titleLists/buh-journals.htm,Academic Journal,0732-2399,Marketing Science (INFORMS),INFORMS: Institute for Operations Research & the Management Sciences,01/01/1982,,03/01/1998,,,Available Now,MKS,full_text_no_delay_listed
Marketing Science,Complete,https://about.ebsco.com/m/ee/Marketing/titleLists/bth-journals.htm,Academic Journal,0732-2399,Marketing Science (INFORMS),INFORMS: Institute for Operations Research & the Management Sciences,01/01/1982,,03/01/1998,,,Available Now,MKS,full_text_no_delay_listed
Marketing Science,Ultimate,https://about.ebsco.com/m/ee/Marketing/titleLists/bsu-journals.htm,Academic Journal,0732-2399,Marketing Science (INFORMS),INFORMS: Institute for Operations Research & the Management Sciences,01/01/1982,,01/01/1982,,,Available Now,MKS,full_text_no_delay_listed
Organization Science,Premier,https://about.ebsco.com/m/ee/Marketing/titleLists/buh-journals.htm,Academic Journal,1047-7039,Organization Science (INFORMS),INFORMS: Institute for Operations Research & the Management Sciences,02/01/1990,,01/01/1998,,,Available Now,2VO,full_text_no_delay_listed
Organization Science,Complete,https://about.ebsco.com/m/ee/Marketing/titleLists/bth-journals.htm,Academic Journal,1047-7039,Organization Science (INFORMS),INFORMS: Institute for Operations Research & the Management Sciences,02/01/1990,,01/01/1998,,,Available Now,2VO,full_text_no_delay_listed
Organization Science,Ultimate,https://about.ebsco.com/m/ee/Marketing/titleLists/bsu-journals.htm,Academic Journal,1047-7039,Organization Science (INFORMS),INFORMS: Institute for Operations Research & the Management Sciences,02/01/1990,,02/01/1990,,,Available Now,2VO,full_text_no_delay_listed
Strategy Science,Premier,https://about.ebsco.com/m/ee/Marketing/titleLists/buh-journals.htm,Academic Journal,2333-2050,Strategy Science (INFORMS),INFORMS: Institute for Operations Research & the Management Sciences,03/01/2016,,03/01/2016,,,Available Now,L4MB,full_text_no_delay_listed
Strategy Science,Complete,https://about.ebsco.com/m/ee/Marketing/titleLists/bth-journals.htm,Academic Journal,2333-2050,Strategy Science (INFORMS),INFORMS: Institute for Operations Research & the Management Sciences,03/01/2016,,03/01/2016,,,Available Now,L4MB,full_text_no_delay_listed
Strategy Science,Ultimate,https://about.ebsco.com/m/ee/Marketing/titleLists/bsu-journals.htm,Academic Journal,2333-2050,Strategy Science (INFORMS),INFORMS: Institute for Operations Research & the Management Sciences,03/01/2016,,03/01/2016,,,Available Now,L4MB,full_text_no_delay_listed
Information Systems Research,Premier,https://about.ebsco.com/m/ee/Marketing/titleLists/buh-journals.htm,Academic Journal,1047-7047,Information Systems Research (INFORMS),INFORMS: Institute for Operations Research & the Management Sciences,03/01/1990,,03/01/1998,,,Available Now,1LD,full_text_no_delay_listed
Information Systems Research,Complete,https://about.ebsco.com/m/ee/Marketing/titleLists/bth-journals.htm,Academic Journal,1047-7047,Information Systems Research (INFORMS),INFORMS: Institute for Operations Research & the Management Sciences,03/01/1990,,03/01/1998,,,Available Now,1LD,full_text_no_delay_listed
Information Systems Research,Ultimate,https://about.ebsco.com/m/ee/Marketing/titleLists/bsu-journals.htm,Academic Journal,1047-7047,Information Systems Research (INFORMS),INFORMS: Institute for Operations Research & the Management Sciences,03/01/1990,,03/01/1990,,,Available Now,1LD,full_text_no_delay_listed
MIS Quarterly,Premier,https://about.ebsco.com/m/ee/Marketing/titleLists/buh-journals.htm,Academic Journal,0276-7783,MIS Quarterly,MIS Quarterly,01/01/2010,,01/01/2010,,,Available Now,MIS,full_text_no_delay_listed
MIS Quarterly,Complete,https://about.ebsco.com/m/ee/Marketing/titleLists/bth-journals.htm,Academic Journal,0276-7783,MIS Quarterly,MIS Quarterly,01/01/2005,,01/01/2005,,,Available Now,MIS,full_text_no_delay_listed
MIS Quarterly,Ultimate,https://about.ebsco.com/m/ee/Marketing/titleLists/bsu-journals.htm,Academic Journal,0276-7783,MIS Quarterly,MIS Quarterly,03/01/1977,,03/01/1977,,,Available Now,MIS,full_text_no_delay_listed
Journal of Management Information Systems,Premier,https://about.ebsco.com/m/ee/Marketing/titleLists/buh-journals.htm,Academic Journal,0742-1222,Journal of Management Information Systems,Taylor & Francis Ltd,06/01/1984,,,,,Available Now,JOU,indexed_no_full_text_listed
Journal of Management Information Systems,Complete,https://about.ebsco.com/m/ee/Marketing/titleLists/bth-journals.htm,Academic Journal,0742-1222,Journal of Management Information Systems,Taylor & Francis Ltd,06/01/1984,,,,,Available Now,JOU,indexed_no_full_text_listed
Journal of Management Information Systems,Ultimate,https://about.ebsco.com/m/ee/Marketing/titleLists/bsu-journals.htm,Academic Journal,0742-1222,Journal of Management Information Systems,Taylor & Francis Ltd,06/01/1984,,06/01/1984,,,Available Now,JOU,full_text_no_delay_listed
Journal of the Association for Information Systems,Premier,https://about.ebsco.com/m/ee/Marketing/titleLists/buh-journals.htm,Academic Journal,1536-9323,Journal of the Association for Information Systems,Association for Information Systems,05/01/2002,,,,,Available Now,L5X,indexed_no_full_text_listed
Journal of the Association for Information Systems,Complete,https://about.ebsco.com/m/ee/Marketing/titleLists/bth-journals.htm,Academic Journal,1536-9323,Journal of the Association for Information Systems,Association for Information Systems,05/01/2002,,,,,Available Now,L5X,indexed_no_full_text_listed
Journal of the Association for Information Systems,Ultimate,https://about.ebsco.com/m/ee/Marketing/titleLists/bsu-journals.htm,Academic Journal,1536-9323,Journal of the Association for Information Systems,Association for Information Systems,05/01/2002,,05/01/2002,,12,Available Now,L5X,full_text_embargo
Decision Support Systems,Premier,https://about.ebsco.com/m/ee/Marketing/titleLists/buh-journals.htm,Academic Journal,0167-9236,Decision Support Systems,Elsevier Science,01/01/1997,,,,,Available Now,1KK,indexed_no_full_text_listed
Decision Support Systems,Complete,https://about.ebsco.com/m/ee/Marketing/titleLists/bth-journals.htm,Academic Journal,0167-9236,Decision Support Systems,Elsevier Science,01/01/1997,,,,,Available Now,1KK,indexed_no_full_text_listed
Decision Support Systems,Ultimate,https://about.ebsco.com/m/ee/Marketing/titleLists/bsu-journals.htm,Academic Journal,0167-9236,Decision Support Systems,Elsevier Science,01/01/1997,,,,,Available Now,1KK,indexed_no_full_text_listed
Information & Management,Premier,https://about.ebsco.com/m/ee/Marketing/titleLists/buh-journals.htm,Academic Journal,0378-7206,Information & Management,Elsevier Science,10/01/1996,,,,,Available Now,IFA,indexed_no_full_text_listed
Information & Management,Complete,https://about.ebsco.com/m/ee/Marketing/titleLists/bth-journals.htm,Academic Journal,0378-7206,Information & Management,Elsevier Science,10/01/1996,,,,,Available Now,IFA,indexed_no_full_text_listed
Information & Management,Ultimate,https://about.ebsco.com/m/ee/Marketing/titleLists/bsu-journals.htm,Academic Journal,0378-7206,Information & Management,Elsevier Science,10/01/1996,,,,,Available Now,IFA,indexed_no_full_text_listed
Journal of Marketing,Premier,https://about.ebsco.com/m/ee/Marketing/titleLists/buh-journals.htm,Academic Journal,0022-2429,Journal of Marketing,American Marketing Association,07/01/1936,,07/01/1936,,,Available Now,JMK,full_text_no_delay_listed
Journal of Marketing,Complete,https://about.ebsco.com/m/ee/Marketing/titleLists/bth-journals.htm,Academic Journal,0022-2429,Journal of Marketing,American Marketing Association,07/01/1936,,07/01/1936,,,Available Now,JMK,full_text_no_delay_listed
Journal of Marketing,Ultimate,https://about.ebsco.com/m/ee/Marketing/titleLists/bsu-journals.htm,Academic Journal,0022-2429,Journal of Marketing,American Marketing Association,07/01/1936,,07/01/1936,,,Available Now,JMK,full_text_no_delay_listed
Journal of Marketing Research,Premier,https://about.ebsco.com/m/ee/Marketing/titleLists/buh-journals.htm,Academic Journal,0022-2437,Journal of Marketing Research (JMR),American Marketing Association,02/01/1964,,02/01/1964,,,Available Now,MKR,full_text_no_delay_listed
Journal of Marketing Research,Complete,https://about.ebsco.com/m/ee/Marketing/titleLists/bth-journals.htm,Academic Journal,0022-2437,Journal of Marketing Research (JMR),American Marketing Association,02/01/1964,,02/01/1964,,,Available Now,MKR,full_text_no_delay_listed
Journal of Marketing Research,Ultimate,https://about.ebsco.com/m/ee/Marketing/titleLists/bsu-journals.htm,Academic Journal,0022-2437,Journal of Marketing Research (JMR),American Marketing Association,02/01/1964,,02/01/1964,,,Available Now,MKR,full_text_no_delay_listed
Journal of Consumer Research,Premier,https://about.ebsco.com/m/ee/Marketing/titleLists/buh-journals.htm,Academic Journal,0093-5301,Journal of Consumer Research,Oxford University Press,06/01/1974,,01/01/1996,,,Available Now,JCR,full_text_no_delay_listed
Journal of Consumer Research,Complete,https://about.ebsco.com/m/ee/Marketing/titleLists/bth-journals.htm,Academic Journal,0093-5301,Journal of Consumer Research,Oxford University Press,06/01/1974,,01/01/1996,,,Available Now,JCR,full_text_no_delay_listed
Journal of Consumer Research,Ultimate,https://about.ebsco.com/m/ee/Marketing/titleLists/bsu-journals.htm,Academic Journal,0093-5301,Journal of Consumer Research,Oxford University Press,06/01/1974,,01/01/1996,,,Available Now,JCR,full_text_no_delay_listed
Journal of Consumer Psychology,Premier,https://about.ebsco.com/m/ee/Marketing/titleLists/buh-journals.htm,Academic Journal,1057-7408,"Journal of Consumer Psychology (John Wiley & Sons, Inc. )",Wiley-Blackwell,01/01/2008,,,,,Available Now,6595,indexed_no_full_text_listed
Journal of Consumer Psychology,Premier,https://about.ebsco.com/m/ee/Marketing/titleLists/buh-journals.htm,Academic Journal,1057-7408,Journal of Consumer Psychology (Taylor & Francis Ltd),Taylor & Francis Ltd,01/01/1992,12/31/2007,01/01/1992,12/31/2007,,Available Now,5XQ,full_text_ended
Journal of Consumer Psychology,Complete,https://about.ebsco.com/m/ee/Marketing/titleLists/bth-journals.htm,Academic Journal,1057-7408,"Journal of Consumer Psychology (John Wiley & Sons, Inc. )",Wiley-Blackwell,01/01/2008,,,,,Available Now,6595,indexed_no_full_text_listed
Journal of Consumer Psychology,Complete,https://about.ebsco.com/m/ee/Marketing/titleLists/bth-journals.htm,Academic Journal,1057-7408,Journal of Consumer Psychology (Taylor & Francis Ltd),Taylor & Francis Ltd,01/01/1992,12/31/2007,01/01/1992,12/31/2007,,Available Now,5XQ,full_text_ended
Journal of Consumer Psychology,Ultimate,https://about.ebsco.com/m/ee/Marketing/titleLists/bsu-journals.htm,Academic Journal,1057-7408,"Journal of Consumer Psychology (John Wiley & Sons, Inc. )",Wiley-Blackwell,01/01/2007,,01/01/2007,,12,Available Now,6595,full_text_embargo
Journal of Consumer Psychology,Ultimate,https://about.ebsco.com/m/ee/Marketing/titleLists/bsu-journals.htm,Academic Journal,1057-7408,Journal of Consumer Psychology (Taylor & Francis Ltd),Taylor & Francis Ltd,01/01/1992,12/31/2007,01/01/1992,12/31/2007,,Available Now,5XQ,full_text_ended
Marketing Letters,Premier,https://about.ebsco.com/m/ee/Marketing/titleLists/buh-journals.htm,Academic Journal,0923-0645,Marketing Letters,Springer Nature,12/01/1989,,,,,Available Now,FYV,indexed_no_full_text_listed
Marketing Letters,Complete,https://about.ebsco.com/m/ee/Marketing/titleLists/bth-journals.htm,Academic Journal,0923-0645,Marketing Letters,Springer Nature,12/01/1989,,12/01/1989,,12,Available Now,FYV,full_text_embargo
Marketing Letters,Ultimate,https://about.ebsco.com/m/ee/Marketing/titleLists/bsu-journals.htm,Academic Journal,0923-0645,Marketing Letters,Springer Nature,12/01/1989,,12/01/1989,,12,Available Now,FYV,full_text_embargo
Quantitative Marketing & Economics,Premier,https://about.ebsco.com/m/ee/Marketing/titleLists/buh-journals.htm,Academic Journal,1570-7156,Quantitative Marketing & Economics,Springer Nature,03/01/2003,,,,,Available Now,7RF,indexed_no_full_text_listed
Quantitative Marketing & Economics,Complete,https://about.ebsco.com/m/ee/Marketing/titleLists/bth-journals.htm,Academic Journal,1570-7156,Quantitative Marketing & Economics,Springer Nature,03/01/2003,,03/01/2003,,12,Available Now,7RF,full_text_embargo
Quantitative Marketing & Economics,Ultimate,https://about.ebsco.com/m/ee/Marketing/titleLists/bsu-journals.htm,Academic Journal,1570-7156,Quantitative Marketing & Economics,Springer Nature,03/01/2003,,03/01/2003,,12,Available Now,7RF,full_text_embargo
Academy of Management Journal,Premier,https://about.ebsco.com/m/ee/Marketing/titleLists/buh-journals.htm,Academic Journal,0001-4273,Academy of Management Journal,Academy of Management,03/01/1963,,01/01/2010,,,Available Now,AMJ,full_text_no_delay_listed
Academy of Management Journal,Complete,https://about.ebsco.com/m/ee/Marketing/titleLists/bth-journals.htm,Academic Journal,0001-4273,Academy of Management Journal,Academy of Management,03/01/1963,,01/01/2005,,,Available Now,AMJ,full_text_no_delay_listed
Academy of Management Journal,Ultimate,https://about.ebsco.com/m/ee/Marketing/titleLists/bsu-journals.htm,Academic Journal,0001-4273,Academy of Management Journal,Academy of Management,03/01/1963,,03/01/1963,,,Available Now,AMJ,full_text_no_delay_listed
Academy of Management Review,Premier,https://about.ebsco.com/m/ee/Marketing/titleLists/buh-journals.htm,Academic Journal,0363-7425,Academy of Management Review,Academy of Management,01/01/1976,,01/01/2010,,,Available Now,AMX,full_text_no_delay_listed
Academy of Management Review,Complete,https://about.ebsco.com/m/ee/Marketing/titleLists/bth-journals.htm,Academic Journal,0363-7425,Academy of Management Review,Academy of Management,01/01/1976,,01/01/2005,,,Available Now,AMX,full_text_no_delay_listed
Academy of Management Review,Ultimate,https://about.ebsco.com/m/ee/Marketing/titleLists/bsu-journals.htm,Academic Journal,0363-7425,Academy of Management Review,Academy of Management,01/01/1976,,01/01/1976,,,Available Now,AMX,full_text_no_delay_listed
Academy of Management Annals,Premier,https://about.ebsco.com/m/ee/Marketing/titleLists/buh-journals.htm,Academic Journal,1941-6520,Academy of Management Annals,Academy of Management,01/01/2007,,01/01/2010,,,Available Now,6N5A,full_text_no_delay_listed
Academy of Management Annals,Complete,https://about.ebsco.com/m/ee/Marketing/titleLists/bth-journals.htm,Academic Journal,1941-6520,Academy of Management Annals,Academy of Management,01/01/2007,,01/01/2007,,,Available Now,6N5A,full_text_no_delay_listed
Academy of Management Annals,Ultimate,https://about.ebsco.com/m/ee/Marketing/titleLists/bsu-journals.htm,Academic Journal,1941-6520,Academy of Management Annals,Academy of Management,01/01/2007,,01/01/2007,,,Available Now,6N5A,full_text_no_delay_listed
Strategic Management Journal,Premier,https://about.ebsco.com/m/ee/Marketing/titleLists/buh-journals.htm,Academic Journal,0143-2095,"Strategic Management Journal (John Wiley & Sons, Inc.)","John Wiley & Sons, Inc.",01/01/2010,,,,,Available Now,LVE6,indexed_no_full_text_listed
Strategic Management Journal,Premier,https://about.ebsco.com/m/ee/Marketing/titleLists/buh-journals.htm,Academic Journal,0143-2095,Strategic Management Journal (Wiley-Blackwell) - 1980 to 2009,Wiley-Blackwell,01/01/1980,12/31/2009,,,,Available Now,SMJ,indexed_no_full_text_listed
Strategic Management Journal,Complete,https://about.ebsco.com/m/ee/Marketing/titleLists/bth-journals.htm,Academic Journal,0143-2095,"Strategic Management Journal (John Wiley & Sons, Inc.)","John Wiley & Sons, Inc.",01/01/2010,,,,,Available Now,LVE6,indexed_no_full_text_listed
Strategic Management Journal,Complete,https://about.ebsco.com/m/ee/Marketing/titleLists/bth-journals.htm,Academic Journal,0143-2095,Strategic Management Journal (Wiley-Blackwell) - 1980 to 2009,Wiley-Blackwell,01/01/1980,12/31/2009,,,,Available Now,SMJ,indexed_no_full_text_listed
Strategic Management Journal,Ultimate,https://about.ebsco.com/m/ee/Marketing/titleLists/bsu-journals.htm,Academic Journal,0143-2095,"Strategic Management Journal (John Wiley & Sons, Inc.)","John Wiley & Sons, Inc.",01/01/2010,,01/01/2010,,,Available Now,LVE6,full_text_no_delay_listed
Strategic Management Journal,Ultimate,https://about.ebsco.com/m/ee/Marketing/titleLists/bsu-journals.htm,Academic Journal,0143-2095,Strategic Management Journal (Wiley-Blackwell) - 1980 to 2009,Wiley-Blackwell,01/01/1980,12/31/2009,01/01/1980,12/31/2009,,Available Now,SMJ,full_text_ended
Strategic Entrepreneurship Journal,Premier,https://about.ebsco.com/m/ee/Marketing/titleLists/buh-journals.htm,Academic Journal,1932-4391,Strategic Entrepreneurship Journal,Wiley-Blackwell,01/01/2007,,,,,Available Now,846E,indexed_no_full_text_listed
Strategic Entrepreneurship Journal,Complete,https://about.ebsco.com/m/ee/Marketing/titleLists/bth-journals.htm,Academic Journal,1932-4391,Strategic Entrepreneurship Journal,Wiley-Blackwell,01/01/2007,,,,,Available Now,846E,indexed_no_full_text_listed
Strategic Entrepreneurship Journal,Ultimate,https://about.ebsco.com/m/ee/Marketing/titleLists/bsu-journals.htm,Academic Journal,1932-4391,Strategic Entrepreneurship Journal,Wiley-Blackwell,01/01/2007,,01/01/2007,,12,Available Now,846E,full_text_embargo
Administrative Science Quarterly,Premier,https://about.ebsco.com/m/ee/Marketing/titleLists/buh-journals.htm,Academic Journal,0001-8392,Administrative Science Quarterly,Administrative Science Quarterly,06/01/1956,,06/01/1956,,,Available Now,ASQ,full_text_no_delay_listed
Administrative Science Quarterly,Complete,https://about.ebsco.com/m/ee/Marketing/titleLists/bth-journals.htm,Academic Journal,0001-8392,Administrative Science Quarterly,Administrative Science Quarterly,06/01/1956,,06/01/1956,,,Available Now,ASQ,full_text_no_delay_listed
Administrative Science Quarterly,Ultimate,https://about.ebsco.com/m/ee/Marketing/titleLists/bsu-journals.htm,Academic Journal,0001-8392,Administrative Science Quarterly,Administrative Science Quarterly,06/01/1956,,06/01/1956,,,Available Now,ASQ,full_text_no_delay_listed
Journal of Management,Premier,https://about.ebsco.com/m/ee/Marketing/titleLists/buh-journals.htm,Academic Journal,0149-2063,Journal of Management,Sage Publications,09/01/1975,,,,,Available Now,MGT,indexed_no_full_text_listed
Journal of Management,Complete,https://about.ebsco.com/m/ee/Marketing/titleLists/bth-journals.htm,Academic Journal,0149-2063,Journal of Management,Sage Publications,09/01/1975,,,,,Available Now,MGT,indexed_no_full_text_listed
Journal of Management,Ultimate,https://about.ebsco.com/m/ee/Marketing/titleLists/bsu-journals.htm,Academic Journal,0149-2063,Journal of Management,Sage Publications,09/01/1975,,09/01/1975,,,Available Now,MGT,full_text_no_delay_listed
Journal of Management Studies,Premier,https://about.ebsco.com/m/ee/Marketing/titleLists/buh-journals.htm,Academic Journal,0022-2380,"Journal of Management Studies (John Wiley & Sons, Inc.)","John Wiley & Sons, Inc.",01/01/2010,,,,,Available Now,LVE2,indexed_no_full_text_listed
Journal of Management Studies,Premier,https://about.ebsco.com/m/ee/Marketing/titleLists/buh-journals.htm,Academic Journal,0022-2380,Journal of Management Studies (Wiley-Blackwell),Wiley-Blackwell,03/01/1964,12/31/2009,,,,Available Now,MSU,indexed_no_full_text_listed
Journal of Management Studies,Complete,https://about.ebsco.com/m/ee/Marketing/titleLists/bth-journals.htm,Academic Journal,0022-2380,"Journal of Management Studies (John Wiley & Sons, Inc.)","John Wiley & Sons, Inc.",01/01/2010,,,,,Available Now,LVE2,indexed_no_full_text_listed
Journal of Management Studies,Complete,https://about.ebsco.com/m/ee/Marketing/titleLists/bth-journals.htm,Academic Journal,0022-2380,Journal of Management Studies (Wiley-Blackwell),Wiley-Blackwell,03/01/1964,12/31/2009,,,,Available Now,MSU,indexed_no_full_text_listed
Journal of Management Studies,Ultimate,https://about.ebsco.com/m/ee/Marketing/titleLists/bsu-journals.htm,Academic Journal,0022-2380,"Journal of Management Studies (John Wiley & Sons, Inc.)","John Wiley & Sons, Inc.",01/01/2010,,01/01/2010,,,Available Now,LVE2,full_text_no_delay_listed
Journal of Management Studies,Ultimate,https://about.ebsco.com/m/ee/Marketing/titleLists/bsu-journals.htm,Academic Journal,0022-2380,Journal of Management Studies (Wiley-Blackwell),Wiley-Blackwell,03/01/1964,12/31/2009,03/01/1964,12/31/2009,,Available Now,MSU,full_text_ended
Research Policy,Premier,https://about.ebsco.com/m/ee/Marketing/titleLists/buh-journals.htm,Academic Journal,0048-7333,Research Policy,Elsevier Science,08/01/1996,,,,,Available Now,RAO,indexed_no_full_text_listed
Research Policy,Complete,https://about.ebsco.com/m/ee/Marketing/titleLists/bth-journals.htm,Academic Journal,0048-7333,Research Policy,Elsevier Science,08/01/1996,,,,,Available Now,RAO,indexed_no_full_text_listed
Research Policy,Ultimate,https://about.ebsco.com/m/ee/Marketing/titleLists/bsu-journals.htm,Academic Journal,0048-7333,Research Policy,Elsevier Science,08/01/1996,,,,,Available Now,RAO,indexed_no_full_text_listed
Organizational Behavior & Human Decision Processes,Premier,https://about.ebsco.com/m/ee/Marketing/titleLists/buh-journals.htm,Academic Journal,0749-5978,Organizational Behavior & Human Decision Processes,Academic Press,02/01/1985,,,,,Available Now,OHD,indexed_no_full_text_listed
Organizational Behavior & Human Decision Processes,Complete,https://about.ebsco.com/m/ee/Marketing/titleLists/bth-journals.htm,Academic Journal,0749-5978,Organizational Behavior & Human Decision Processes,Academic Press,02/01/1985,,,,,Available Now,OHD,indexed_no_full_text_listed
Organizational Behavior & Human Decision Processes,Ultimate,https://about.ebsco.com/m/ee/Marketing/titleLists/bsu-journals.htm,Academic Journal,0749-5978,Organizational Behavior & Human Decision Processes,Academic Press,02/01/1985,,,,,Available Now,OHD,indexed_no_full_text_listed
Psychological Science,Premier,https://about.ebsco.com/m/ee/Marketing/titleLists/buh-journals.htm,Academic Journal,0956-7976,Psychological Science (0956-7976),Sage Publications Inc.,01/01/1990,,01/01/1990,12/31/2009,,Available Now,PYS,full_text_ended
Psychological Science,Complete,https://about.ebsco.com/m/ee/Marketing/titleLists/bth-journals.htm,Academic Journal,0956-7976,Psychological Science (0956-7976),Sage Publications Inc.,01/01/1990,,01/01/1990,12/31/2009,,Available Now,PYS,full_text_ended
Psychological Science,Ultimate,https://about.ebsco.com/m/ee/Marketing/titleLists/bsu-journals.htm,Academic Journal,0956-7976,Psychological Science (0956-7976),Sage Publications Inc.,01/01/1990,,01/01/1990,12/31/2009,,Available Now,PYS,full_text_ended
American Economic Review,Premier,https://about.ebsco.com/m/ee/Marketing/titleLists/buh-journals.htm,Academic Journal,0002-8282,American Economic Review,American Economic Association,03/01/1911,,03/01/1911,,24,Available Now,AER,full_text_embargo
American Economic Review,Complete,https://about.ebsco.com/m/ee/Marketing/titleLists/bth-journals.htm,Academic Journal,0002-8282,American Economic Review,American Economic Association,03/01/1911,,03/01/1911,,24,Available Now,AER,full_text_embargo
American Economic Review,Ultimate,https://about.ebsco.com/m/ee/Marketing/titleLists/bsu-journals.htm,Academic Journal,0002-8282,American Economic Review,American Economic Association,03/01/1911,,03/01/1911,,24,Available Now,AER,full_text_embargo
Journal of Economic Literature,Premier,https://about.ebsco.com/m/ee/Marketing/titleLists/buh-journals.htm,Academic Journal,0022-0515,Journal of Economic Literature,American Economic Association,03/01/1969,,03/01/1969,,24,Available Now,JEL,full_text_embargo
Journal of Economic Literature,Complete,https://about.ebsco.com/m/ee/Marketing/titleLists/bth-journals.htm,Academic Journal,0022-0515,Journal of Economic Literature,American Economic Association,03/01/1969,,03/01/1969,,24,Available Now,JEL,full_text_embargo
Journal of Economic Literature,Ultimate,https://about.ebsco.com/m/ee/Marketing/titleLists/bsu-journals.htm,Academic Journal,0022-0515,Journal of Economic Literature,American Economic Association,03/01/1969,,03/01/1969,,24,Available Now,JEL,full_text_embargo
Journal of Economic Perspectives,Premier,https://about.ebsco.com/m/ee/Marketing/titleLists/buh-journals.htm,Academic Journal,0895-3309,Journal of Economic Perspectives,American Economic Association,06/01/1987,,06/01/1987,,,Available Now,JEC,full_text_no_delay_listed
Journal of Economic Perspectives,Complete,https://about.ebsco.com/m/ee/Marketing/titleLists/bth-journals.htm,Academic Journal,0895-3309,Journal of Economic Perspectives,American Economic Association,06/01/1987,,06/01/1987,,,Available Now,JEC,full_text_no_delay_listed
Journal of Economic Perspectives,Ultimate,https://about.ebsco.com/m/ee/Marketing/titleLists/bsu-journals.htm,Academic Journal,0895-3309,Journal of Economic Perspectives,American Economic Association,06/01/1987,,06/01/1987,,,Available Now,JEC,full_text_no_delay_listed
AEA Papers & Proceedings,Premier,https://about.ebsco.com/m/ee/Marketing/titleLists/buh-journals.htm,Academic Journal,2574-0768,AEA Papers & Proceedings,American Economic Association,05/01/2018,,05/01/2018,,24,Available Now,LNGQ,full_text_embargo
AEA Papers & Proceedings,Complete,https://about.ebsco.com/m/ee/Marketing/titleLists/bth-journals.htm,Academic Journal,2574-0768,AEA Papers & Proceedings,American Economic Association,05/01/2018,,05/01/2018,,24,Available Now,LNGQ,full_text_embargo
AEA Papers & Proceedings,Ultimate,https://about.ebsco.com/m/ee/Marketing/titleLists/bsu-journals.htm,Academic Journal,2574-0768,AEA Papers & Proceedings,American Economic Association,05/01/2018,,05/01/2018,,24,Available Now,LNGQ,full_text_embargo
Econometrica,Premier,https://about.ebsco.com/m/ee/Marketing/titleLists/buh-journals.htm,Academic Journal,0012-9682,Econometrica,Wiley-Blackwell,01/01/1965,,,,,Available Now,ECN,indexed_no_full_text_listed
Econometrica,Complete,https://about.ebsco.com/m/ee/Marketing/titleLists/bth-journals.htm,Academic Journal,0012-9682,Econometrica,Wiley-Blackwell,01/01/1965,,,,,Available Now,ECN,indexed_no_full_text_listed
Econometrica,Ultimate,https://about.ebsco.com/m/ee/Marketing/titleLists/bsu-journals.htm,Academic Journal,0012-9682,Econometrica,Wiley-Blackwell,01/01/1965,,,,,Available Now,ECN,indexed_no_full_text_listed
Quarterly Journal of Economics,Premier,https://about.ebsco.com/m/ee/Marketing/titleLists/buh-journals.htm,Academic Journal,0033-5533,Quarterly Journal of Economics,Oxford University Press,10/01/1886,,,,,Available Now,QJE,indexed_no_full_text_listed
Quarterly Journal of Economics,Complete,https://about.ebsco.com/m/ee/Marketing/titleLists/bth-journals.htm,Academic Journal,0033-5533,Quarterly Journal of Economics,Oxford University Press,10/01/1886,,,,,Available Now,QJE,indexed_no_full_text_listed
Quarterly Journal of Economics,Ultimate,https://about.ebsco.com/m/ee/Marketing/titleLists/bsu-journals.htm,Academic Journal,0033-5533,Quarterly Journal of Economics,Oxford University Press,10/01/1886,,01/01/1996,,12,Available Now,QJE,full_text_embargo
Journal of Political Economy,Premier,https://about.ebsco.com/m/ee/Marketing/titleLists/buh-journals.htm,Academic Journal,0022-3808,Journal of Political Economy,University of Chicago Press,02/01/1965,,,,,Available Now,JPE,indexed_no_full_text_listed
Journal of Political Economy,Complete,https://about.ebsco.com/m/ee/Marketing/titleLists/bth-journals.htm,Academic Journal,0022-3808,Journal of Political Economy,University of Chicago Press,02/01/1965,,,,,Available Now,JPE,indexed_no_full_text_listed
Journal of Political Economy,Ultimate,https://about.ebsco.com/m/ee/Marketing/titleLists/bsu-journals.htm,Academic Journal,0022-3808,Journal of Political Economy,University of Chicago Press,02/01/1965,,02/01/1965,,12,Available Now,JPE,full_text_embargo
Journal of Political Economy Microeconomics,Premier,https://about.ebsco.com/m/ee/Marketing/titleLists/buh-journals.htm,Academic Journal,2832-9368,Journal of Political Economy Microeconomics,University of Chicago Press,02/01/2023,,,,,Available Now,N5C3,indexed_no_full_text_listed
Journal of Political Economy Microeconomics,Complete,https://about.ebsco.com/m/ee/Marketing/titleLists/bth-journals.htm,Academic Journal,2832-9368,Journal of Political Economy Microeconomics,University of Chicago Press,02/01/2023,,,,,Available Now,N5C3,indexed_no_full_text_listed
Journal of Political Economy Microeconomics,Ultimate,https://about.ebsco.com/m/ee/Marketing/titleLists/bsu-journals.htm,Academic Journal,2832-9368,Journal of Political Economy Microeconomics,University of Chicago Press,02/01/2023,,02/01/2024,,12,Available Now,N5C3,full_text_embargo
Journal of Political Economy Macroeconomics,Premier,https://about.ebsco.com/m/ee/Marketing/titleLists/buh-journals.htm,Academic Journal,2832-9341,Journal of Political Economy Macroeconomics,University of Chicago Press,03/01/2023,,,,,Available Now,N5C4,indexed_no_full_text_listed
Journal of Political Economy Macroeconomics,Complete,https://about.ebsco.com/m/ee/Marketing/titleLists/bth-journals.htm,Academic Journal,2832-9341,Journal of Political Economy Macroeconomics,University of Chicago Press,03/01/2023,,,,,Available Now,N5C4,indexed_no_full_text_listed
Journal of Political Economy Macroeconomics,Ultimate,https://about.ebsco.com/m/ee/Marketing/titleLists/bsu-journals.htm,Academic Journal,2832-9341,Journal of Political Economy Macroeconomics,University of Chicago Press,03/01/2023,,03/01/2024,,12,Available Now,N5C4,full_text_embargo
Review of Economic Studies,Premier,https://about.ebsco.com/m/ee/Marketing/titleLists/buh-journals.htm,Academic Journal,0034-6527,Review of Economic Studies,Oxford University Press,01/01/1965,,01/01/1996,,12,Available Now,REM,full_text_embargo
Review of Economic Studies,Complete,https://about.ebsco.com/m/ee/Marketing/titleLists/bth-journals.htm,Academic Journal,0034-6527,Review of Economic Studies,Oxford University Press,01/01/1965,,01/01/1996,,12,Available Now,REM,full_text_embargo
Review of Economic Studies,Ultimate,https://about.ebsco.com/m/ee/Marketing/titleLists/bsu-journals.htm,Academic Journal,0034-6527,Review of Economic Studies,Oxford University Press,01/01/1965,,01/01/1996,,12,Available Now,REM,full_text_embargo
Review of Economics & Statistics,Premier,https://about.ebsco.com/m/ee/Marketing/titleLists/buh-journals.htm,Academic Journal,0034-6535,Review of Economics & Statistics,MIT Press,02/01/1965,,,,,Available Now,RMS,indexed_no_full_text_listed
Review of Economics & Statistics,Complete,https://about.ebsco.com/m/ee/Marketing/titleLists/bth-journals.htm,Academic Journal,0034-6535,Review of Economics & Statistics,MIT Press,02/01/1965,,,,,Available Now,RMS,indexed_no_full_text_listed
Review of Economics & Statistics,Ultimate,https://about.ebsco.com/m/ee/Marketing/titleLists/bsu-journals.htm,Academic Journal,0034-6535,Review of Economics & Statistics,MIT Press,02/01/1965,,02/01/1965,,12,Available Now,RMS,full_text_embargo
Journal of the European Economic Association,Premier,https://about.ebsco.com/m/ee/Marketing/titleLists/buh-journals.htm,Academic Journal,1542-4766,Journal of the European Economic Association,Oxford University Press,01/01/2003,,01/01/2003,,12,Available Now,TQK,full_text_embargo
Journal of the European Economic Association,Complete,https://about.ebsco.com/m/ee/Marketing/titleLists/bth-journals.htm,Academic Journal,1542-4766,Journal of the European Economic Association,Oxford University Press,01/01/2003,,01/01/2003,,12,Available Now,TQK,full_text_embargo
Journal of the European Economic Association,Ultimate,https://about.ebsco.com/m/ee/Marketing/titleLists/bsu-journals.htm,Academic Journal,1542-4766,Journal of the European Economic Association,Oxford University Press,01/01/2003,,01/01/2003,,12,Available Now,TQK,full_text_embargo
Economic Journal,Premier,https://about.ebsco.com/m/ee/Marketing/titleLists/buh-journals.htm,Academic Journal,0013-0133,Economic Journal,Oxford University Press,03/01/1965,,01/01/1996,,12,Available Now,EJN,full_text_embargo
Economic Journal,Complete,https://about.ebsco.com/m/ee/Marketing/titleLists/bth-journals.htm,Academic Journal,0013-0133,Economic Journal,Oxford University Press,03/01/1965,,01/01/1996,,12,Available Now,EJN,full_text_embargo
Economic Journal,Ultimate,https://about.ebsco.com/m/ee/Marketing/titleLists/bsu-journals.htm,Academic Journal,0013-0133,Economic Journal,Oxford University Press,03/01/1965,,01/01/1996,,12,Available Now,EJN,full_text_embargo
International Economic Review,Premier,https://about.ebsco.com/m/ee/Marketing/titleLists/buh-journals.htm,Academic Journal,0020-6598,International Economic Review,Wiley-Blackwell,01/01/1965,,01/01/1965,,12,Available Now,IER,full_text_embargo
International Economic Review,Complete,https://about.ebsco.com/m/ee/Marketing/titleLists/bth-journals.htm,Academic Journal,0020-6598,International Economic Review,Wiley-Blackwell,01/01/1965,,01/01/1965,,12,Available Now,IER,full_text_embargo
International Economic Review,Ultimate,https://about.ebsco.com/m/ee/Marketing/titleLists/bsu-journals.htm,Academic Journal,0020-6598,International Economic Review,Wiley-Blackwell,01/01/1965,,01/01/1965,,12,Available Now,IER,full_text_embargo
European Economic Review,Premier,https://about.ebsco.com/m/ee/Marketing/titleLists/buh-journals.htm,Academic Journal,0014-2921,European Economic Review,Elsevier Science,09/01/1969,,,,,Available Now,EER,indexed_no_full_text_listed
European Economic Review,Complete,https://about.ebsco.com/m/ee/Marketing/titleLists/bth-journals.htm,Academic Journal,0014-2921,European Economic Review,Elsevier Science,09/01/1969,,,,,Available Now,EER,indexed_no_full_text_listed
European Economic Review,Ultimate,https://about.ebsco.com/m/ee/Marketing/titleLists/bsu-journals.htm,Academic Journal,0014-2921,European Economic Review,Elsevier Science,09/01/1969,,,,,Available Now,EER,indexed_no_full_text_listed
Economic Inquiry,Premier,https://about.ebsco.com/m/ee/Marketing/titleLists/buh-journals.htm,Academic Journal,0095-2583,Economic Inquiry,Wiley-Blackwell,03/01/1974,,,,,Available Now,EIQ,indexed_no_full_text_listed
Economic Inquiry,Complete,https://about.ebsco.com/m/ee/Marketing/titleLists/bth-journals.htm,Academic Journal,0095-2583,Economic Inquiry,Wiley-Blackwell,03/01/1974,,,,,Available Now,EIQ,indexed_no_full_text_listed
Economic Inquiry,Ultimate,https://about.ebsco.com/m/ee/Marketing/titleLists/bsu-journals.htm,Academic Journal,0095-2583,Economic Inquiry,Wiley-Blackwell,03/01/1974,,,,,Available Now,EIQ,indexed_no_full_text_listed
Economic Theory,Premier,https://about.ebsco.com/m/ee/Marketing/titleLists/buh-journals.htm,Academic Journal,0938-2259,Economic Theory,Springer Nature,01/01/1991,,01/01/1991,,12,Available Now,71U,full_text_embargo
Economic Theory,Complete,https://about.ebsco.com/m/ee/Marketing/titleLists/bth-journals.htm,Academic Journal,0938-2259,Economic Theory,Springer Nature,01/01/1991,,01/01/1991,,12,Available Now,71U,full_text_embargo
Economic Theory,Ultimate,https://about.ebsco.com/m/ee/Marketing/titleLists/bsu-journals.htm,Academic Journal,0938-2259,Economic Theory,Springer Nature,01/01/1991,,01/01/1991,,12,Available Now,71U,full_text_embargo
Journal of Economic Theory,Premier,https://about.ebsco.com/m/ee/Marketing/titleLists/buh-journals.htm,Academic Journal,0022-0531,Journal of Economic Theory,Academic Press,06/01/1969,,,,,Available Now,RTH,indexed_no_full_text_listed
Journal of Economic Theory,Complete,https://about.ebsco.com/m/ee/Marketing/titleLists/bth-journals.htm,Academic Journal,0022-0531,Journal of Economic Theory,Academic Press,06/01/1969,,,,,Available Now,RTH,indexed_no_full_text_listed
Journal of Economic Theory,Ultimate,https://about.ebsco.com/m/ee/Marketing/titleLists/bsu-journals.htm,Academic Journal,0022-0531,Journal of Economic Theory,Academic Press,06/01/1969,,,,,Available Now,RTH,indexed_no_full_text_listed
Theoretical Economics,Premier,https://about.ebsco.com/m/ee/Marketing/titleLists/buh-journals.htm,Academic Journal,1555-7561,Theoretical Economics,Wiley-Blackwell,01/01/2016,,,,,Available Now,2WVE,indexed_no_full_text_listed
Theoretical Economics,Complete,https://about.ebsco.com/m/ee/Marketing/titleLists/bth-journals.htm,Academic Journal,1555-7561,Theoretical Economics,Wiley-Blackwell,01/01/2016,,,,,Available Now,2WVE,indexed_no_full_text_listed
Theoretical Economics,Ultimate,https://about.ebsco.com/m/ee/Marketing/titleLists/bsu-journals.htm,Academic Journal,1555-7561,Theoretical Economics,Wiley-Blackwell,01/01/2016,,,,,Available Now,2WVE,indexed_no_full_text_listed
Quantitative Economics,Premier,https://about.ebsco.com/m/ee/Marketing/titleLists/buh-journals.htm,Academic Journal,1759-7323,Quantitative Economics,Wiley-Blackwell,03/01/2018,,,,,Available Now,BN0P,indexed_no_full_text_listed
Quantitative Economics,Complete,https://about.ebsco.com/m/ee/Marketing/titleLists/bth-journals.htm,Academic Journal,1759-7323,Quantitative Economics,Wiley-Blackwell,03/01/2011,,03/01/2011,,,Available Now,BN0P,full_text_no_delay_listed
Quantitative Economics,Ultimate,https://about.ebsco.com/m/ee/Marketing/titleLists/bsu-journals.htm,Academic Journal,1759-7323,Quantitative Economics,Wiley-Blackwell,03/01/2011,,03/01/2011,,,Available Now,BN0P,full_text_no_delay_listed
International Journal of Game Theory,Premier,https://about.ebsco.com/m/ee/Marketing/titleLists/buh-journals.htm,Academic Journal,0020-7276,International Journal of Game Theory,Springer Nature,01/01/1998,,01/01/1998,,12,Available Now,71Z,full_text_embargo
International Journal of Game Theory,Complete,https://about.ebsco.com/m/ee/Marketing/titleLists/bth-journals.htm,Academic Journal,0020-7276,International Journal of Game Theory,Springer Nature,01/01/1998,,01/01/1998,,12,Available Now,71Z,full_text_embargo
International Journal of Game Theory,Ultimate,https://about.ebsco.com/m/ee/Marketing/titleLists/bsu-journals.htm,Academic Journal,0020-7276,International Journal of Game Theory,Springer Nature,01/01/1998,,01/01/1998,,12,Available Now,71Z,full_text_embargo
Journal of Industrial Economics,Premier,https://about.ebsco.com/m/ee/Marketing/titleLists/buh-journals.htm,Academic Journal,0022-1821,Journal of Industrial Economics,Wiley-Blackwell,11/01/1964,,11/01/1964,,12,Available Now,INE,full_text_embargo
Journal of Industrial Economics,Complete,https://about.ebsco.com/m/ee/Marketing/titleLists/bth-journals.htm,Academic Journal,0022-1821,Journal of Industrial Economics,Wiley-Blackwell,11/01/1964,,11/01/1964,,12,Available Now,INE,full_text_embargo
Journal of Industrial Economics,Ultimate,https://about.ebsco.com/m/ee/Marketing/titleLists/bsu-journals.htm,Academic Journal,0022-1821,Journal of Industrial Economics,Wiley-Blackwell,11/01/1964,,11/01/1964,,12,Available Now,INE,full_text_embargo
International Journal of Industrial Organization,Premier,https://about.ebsco.com/m/ee/Marketing/titleLists/buh-journals.htm,Academic Journal,0167-7187,International Journal of Industrial Organization,Elsevier Science,03/01/1983,,,,,Available Now,IJI,indexed_no_full_text_listed
International Journal of Industrial Organization,Complete,https://about.ebsco.com/m/ee/Marketing/titleLists/bth-journals.htm,Academic Journal,0167-7187,International Journal of Industrial Organization,Elsevier Science,03/01/1983,,,,,Available Now,IJI,indexed_no_full_text_listed
International Journal of Industrial Organization,Ultimate,https://about.ebsco.com/m/ee/Marketing/titleLists/bsu-journals.htm,Academic Journal,0167-7187,International Journal of Industrial Organization,Elsevier Science,03/01/1983,,,,,Available Now,IJI,indexed_no_full_text_listed
RAND Journal of Economics,Premier,https://about.ebsco.com/m/ee/Marketing/titleLists/buh-journals.htm,Academic Journal,0741-6261,RAND Journal of Economics (RAND Journal of Economics),RAND Journal of Economics,12/01/1983,12/31/2005,12/01/1983,08/31/2004,,Available Now,RJE,full_text_ended
RAND Journal of Economics,Premier,https://about.ebsco.com/m/ee/Marketing/titleLists/buh-journals.htm,Academic Journal,0741-6261,RAND Journal of Economics (Wiley-Blackwell),Wiley-Blackwell,01/01/2006,,01/01/2006,,12,Available Now,56RJ,full_text_embargo
RAND Journal of Economics,Complete,https://about.ebsco.com/m/ee/Marketing/titleLists/bth-journals.htm,Academic Journal,0741-6261,RAND Journal of Economics (RAND Journal of Economics),RAND Journal of Economics,12/01/1983,12/31/2005,12/01/1983,08/31/2004,,Available Now,RJE,full_text_ended
RAND Journal of Economics,Complete,https://about.ebsco.com/m/ee/Marketing/titleLists/bth-journals.htm,Academic Journal,0741-6261,RAND Journal of Economics (Wiley-Blackwell),Wiley-Blackwell,01/01/2006,,01/01/2006,,12,Available Now,56RJ,full_text_embargo
RAND Journal of Economics,Ultimate,https://about.ebsco.com/m/ee/Marketing/titleLists/bsu-journals.htm,Academic Journal,0741-6261,RAND Journal of Economics (RAND Journal of Economics),RAND Journal of Economics,12/01/1983,12/31/2005,12/01/1983,08/31/2004,,Available Now,RJE,full_text_ended
RAND Journal of Economics,Ultimate,https://about.ebsco.com/m/ee/Marketing/titleLists/bsu-journals.htm,Academic Journal,0741-6261,RAND Journal of Economics (Wiley-Blackwell),Wiley-Blackwell,01/01/2006,,01/01/2006,,12,Available Now,56RJ,full_text_embargo
Journal of Economics & Management Strategy,Premier,https://about.ebsco.com/m/ee/Marketing/titleLists/buh-journals.htm,Academic Journal,1058-6407,Journal of Economics & Management Strategy,Wiley-Blackwell,03/01/1997,,03/01/1997,,12,Available Now,EMY,full_text_embargo
Journal of Economics & Management Strategy,Complete,https://about.ebsco.com/m/ee/Marketing/titleLists/bth-journals.htm,Academic Journal,1058-6407,Journal of Economics & Management Strategy,Wiley-Blackwell,03/01/1997,,03/01/1997,,12,Available Now,EMY,full_text_embargo
Journal of Economics & Management Strategy,Ultimate,https://about.ebsco.com/m/ee/Marketing/titleLists/bsu-journals.htm,Academic Journal,1058-6407,Journal of Economics & Management Strategy,Wiley-Blackwell,03/01/1997,,03/01/1997,,12,Available Now,EMY,full_text_embargo
Journal of Economic Behavior & Organization,Premier,https://about.ebsco.com/m/ee/Marketing/titleLists/buh-journals.htm,Academic Journal,0167-2681,Journal of Economic Behavior & Organization,Elsevier B.V.,07/01/1993,,,,,Available Now,EBO,indexed_no_full_text_listed
Journal of Economic Behavior & Organization,Complete,https://about.ebsco.com/m/ee/Marketing/titleLists/bth-journals.htm,Academic Journal,0167-2681,Journal of Economic Behavior & Organization,Elsevier B.V.,07/01/1993,,,,,Available Now,EBO,indexed_no_full_text_listed
Journal of Economic Behavior & Organization,Ultimate,https://about.ebsco.com/m/ee/Marketing/titleLists/bsu-journals.htm,Academic Journal,0167-2681,Journal of Economic Behavior & Organization,Elsevier B.V.,07/01/1993,,,,,Available Now,EBO,indexed_no_full_text_listed
Journal of Public Economics,Premier,https://about.ebsco.com/m/ee/Marketing/titleLists/buh-journals.htm,Academic Journal,0047-2727,Journal of Public Economics,Elsevier B.V.,04/01/1972,,,,,Available Now,PEC,indexed_no_full_text_listed
Journal of Public Economics,Complete,https://about.ebsco.com/m/ee/Marketing/titleLists/bth-journals.htm,Academic Journal,0047-2727,Journal of Public Economics,Elsevier B.V.,04/01/1972,,,,,Available Now,PEC,indexed_no_full_text_listed
Journal of Public Economics,Ultimate,https://about.ebsco.com/m/ee/Marketing/titleLists/bsu-journals.htm,Academic Journal,0047-2727,Journal of Public Economics,Elsevier B.V.,04/01/1972,,,,,Available Now,PEC,indexed_no_full_text_listed
Journal of Labor Economics,Premier,https://about.ebsco.com/m/ee/Marketing/titleLists/buh-journals.htm,Academic Journal,0734-306X,Journal of Labor Economics,University of Chicago Press,01/01/1983,,,,,Available Now,JLB,indexed_no_full_text_listed
Journal of Labor Economics,Complete,https://about.ebsco.com/m/ee/Marketing/titleLists/bth-journals.htm,Academic Journal,0734-306X,Journal of Labor Economics,University of Chicago Press,01/01/1983,,,,,Available Now,JLB,indexed_no_full_text_listed
Journal of Labor Economics,Ultimate,https://about.ebsco.com/m/ee/Marketing/titleLists/bsu-journals.htm,Academic Journal,0734-306X,Journal of Labor Economics,University of Chicago Press,01/01/1983,,01/01/1983,,12,Available Now,JLB,full_text_embargo
Journal of Human Resources,Premier,https://about.ebsco.com/m/ee/Marketing/titleLists/buh-journals.htm,Academic Journal,0022-166X,Journal of Human Resources,University of Wisconsin Press,06/01/1966,,,,,Available Now,JHR,indexed_no_full_text_listed
Journal of Human Resources,Complete,https://about.ebsco.com/m/ee/Marketing/titleLists/bth-journals.htm,Academic Journal,0022-166X,Journal of Human Resources,University of Wisconsin Press,06/01/1966,,,,,Available Now,JHR,indexed_no_full_text_listed
Journal of Human Resources,Ultimate,https://about.ebsco.com/m/ee/Marketing/titleLists/bsu-journals.htm,Academic Journal,0022-166X,Journal of Human Resources,University of Wisconsin Press,03/01/1966,,03/01/1966,,,Available Now,JHR,full_text_no_delay_listed
Journal of Development Economics,Premier,https://about.ebsco.com/m/ee/Marketing/titleLists/buh-journals.htm,Academic Journal,0304-3878,Journal of Development Economics,Elsevier Science,06/01/1974,,,,,Available Now,JDE,indexed_no_full_text_listed
Journal of Development Economics,Complete,https://about.ebsco.com/m/ee/Marketing/titleLists/bth-journals.htm,Academic Journal,0304-3878,Journal of Development Economics,Elsevier Science,06/01/1974,,,,,Available Now,JDE,indexed_no_full_text_listed
Journal of Development Economics,Ultimate,https://about.ebsco.com/m/ee/Marketing/titleLists/bsu-journals.htm,Academic Journal,0304-3878,Journal of Development Economics,Elsevier Science,06/01/1974,,,,,Available Now,JDE,indexed_no_full_text_listed
Journal of International Economics,Premier,https://about.ebsco.com/m/ee/Marketing/titleLists/buh-journals.htm,Academic Journal,0022-1996,Journal of International Economics,Elsevier B.V.,02/01/1971,01/31/2013,,,,Available Now,IEM,indexed_no_full_text_listed
Journal of International Economics,Complete,https://about.ebsco.com/m/ee/Marketing/titleLists/bth-journals.htm,Academic Journal,0022-1996,Journal of International Economics,Elsevier B.V.,02/01/1971,01/31/2013,,,,Available Now,IEM,indexed_no_full_text_listed
Journal of International Economics,Ultimate,https://about.ebsco.com/m/ee/Marketing/titleLists/bsu-journals.htm,Academic Journal,0022-1996,Journal of International Economics,Elsevier B.V.,02/01/1971,01/31/2013,,,,Available Now,IEM,indexed_no_full_text_listed
Journal of Monetary Economics,Premier,https://about.ebsco.com/m/ee/Marketing/titleLists/buh-journals.htm,Academic Journal,0304-3932,Journal of Monetary Economics,Elsevier B.V.,01/01/1975,,,,,Available Now,MEC,indexed_no_full_text_listed
Journal of Monetary Economics,Complete,https://about.ebsco.com/m/ee/Marketing/titleLists/bth-journals.htm,Academic Journal,0304-3932,Journal of Monetary Economics,Elsevier B.V.,01/01/1975,,,,,Available Now,MEC,indexed_no_full_text_listed
Journal of Monetary Economics,Ultimate,https://about.ebsco.com/m/ee/Marketing/titleLists/bsu-journals.htm,Academic Journal,0304-3932,Journal of Monetary Economics,Elsevier B.V.,01/01/1975,,,,,Available Now,MEC,indexed_no_full_text_listed
Journal of Econometrics,Premier,https://about.ebsco.com/m/ee/Marketing/titleLists/buh-journals.htm,Magazine,0304-4076,Journal of Econometrics,Elsevier Science,03/01/1973,,,,,Available Now,ECM,indexed_no_full_text_listed
Journal of Econometrics,Complete,https://about.ebsco.com/m/ee/Marketing/titleLists/bth-journals.htm,Magazine,0304-4076,Journal of Econometrics,Elsevier Science,03/01/1973,,,,,Available Now,ECM,indexed_no_full_text_listed
Journal of Econometrics,Ultimate,https://about.ebsco.com/m/ee/Marketing/titleLists/bsu-journals.htm,Magazine,0304-4076,Journal of Econometrics,Elsevier Science,03/01/1973,,,,,Available Now,ECM,indexed_no_full_text_listed
Journal of Applied Econometrics,Premier,https://about.ebsco.com/m/ee/Marketing/titleLists/buh-journals.htm,Academic Journal,0883-7252,Journal of Applied Econometrics,Wiley-Blackwell,01/01/1986,,,,,Available Now,1LQ,indexed_no_full_text_listed
Journal of Applied Econometrics,Complete,https://about.ebsco.com/m/ee/Marketing/titleLists/bth-journals.htm,Academic Journal,0883-7252,Journal of Applied Econometrics,Wiley-Blackwell,01/01/1986,,,,,Available Now,1LQ,indexed_no_full_text_listed
Journal of Applied Econometrics,Ultimate,https://about.ebsco.com/m/ee/Marketing/titleLists/bsu-journals.htm,Academic Journal,0883-7252,Journal of Applied Econometrics,Wiley-Blackwell,01/01/1986,,,,,Available Now,1LQ,indexed_no_full_text_listed
Journal of Business & Economic Statistics,Premier,https://about.ebsco.com/m/ee/Marketing/titleLists/buh-journals.htm,Academic Journal,0735-0015,Journal of Business & Economic Statistics,Taylor & Francis Ltd,01/01/1983,,,,,Available Now,BES,indexed_no_full_text_listed
Journal of Business & Economic Statistics,Complete,https://about.ebsco.com/m/ee/Marketing/titleLists/bth-journals.htm,Academic Journal,0735-0015,Journal of Business & Economic Statistics,Taylor & Francis Ltd,01/01/1983,,01/01/2013,,12,Available Now,BES,full_text_embargo
Journal of Business & Economic Statistics,Ultimate,https://about.ebsco.com/m/ee/Marketing/titleLists/bsu-journals.htm,Academic Journal,0735-0015,Journal of Business & Economic Statistics,Taylor & Francis Ltd,01/01/1983,,01/01/2013,,12,Available Now,BES,full_text_embargo
Econometric Theory,Premier,https://about.ebsco.com/m/ee/Marketing/titleLists/buh-journals.htm,Academic Journal,0266-4666,Econometric Theory,Cambridge University Press,04/01/2003,,,,,Available Now,7XR,indexed_no_full_text_listed
Econometric Theory,Complete,https://about.ebsco.com/m/ee/Marketing/titleLists/bth-journals.htm,Academic Journal,0266-4666,Econometric Theory,Cambridge University Press,04/01/2003,,,,,Available Now,7XR,indexed_no_full_text_listed
Econometric Theory,Ultimate,https://about.ebsco.com/m/ee/Marketing/titleLists/bsu-journals.htm,Academic Journal,0266-4666,Econometric Theory,Cambridge University Press,04/01/2003,,,,,Available Now,7XR,indexed_no_full_text_listed
Econometrics Journal,Premier,https://about.ebsco.com/m/ee/Marketing/titleLists/buh-journals.htm,Academic Journal,1368-4221,Econometrics Journal,Oxford University Press,01/01/1998,,,,,Available Now,BO9,indexed_no_full_text_listed
Econometrics Journal,Complete,https://about.ebsco.com/m/ee/Marketing/titleLists/bth-journals.htm,Academic Journal,1368-4221,Econometrics Journal,Oxford University Press,01/01/1998,,,,,Available Now,BO9,indexed_no_full_text_listed
Econometrics Journal,Ultimate,https://about.ebsco.com/m/ee/Marketing/titleLists/bsu-journals.htm,Academic Journal,1368-4221,Econometrics Journal,Oxford University Press,01/01/1998,,01/01/1998,,12,Available Now,BO9,full_text_embargo
Economics Letters,Premier,https://about.ebsco.com/m/ee/Marketing/titleLists/buh-journals.htm,Academic Journal,0165-1765,Economics Letters,Elsevier Science,07/01/1999,,,,,Available Now,3KD,indexed_no_full_text_listed
Economics Letters,Complete,https://about.ebsco.com/m/ee/Marketing/titleLists/bth-journals.htm,Academic Journal,0165-1765,Economics Letters,Elsevier Science,07/01/1999,,,,,Available Now,3KD,indexed_no_full_text_listed
Economics Letters,Ultimate,https://about.ebsco.com/m/ee/Marketing/titleLists/bsu-journals.htm,Academic Journal,0165-1765,Economics Letters,Elsevier Science,07/01/1999,,,,,Available Now,3KD,indexed_no_full_text_listed
Journal of Environmental Economics & Management,Premier,https://about.ebsco.com/m/ee/Marketing/titleLists/buh-journals.htm,Academic Journal,0095-0696,Journal of Environmental Economics & Management,Academic Press,01/01/1994,,,,,Available Now,EEM,indexed_no_full_text_listed
Journal of Environmental Economics & Management,Complete,https://about.ebsco.com/m/ee/Marketing/titleLists/bth-journals.htm,Academic Journal,0095-0696,Journal of Environmental Economics & Management,Academic Press,01/01/1994,,,,,Available Now,EEM,indexed_no_full_text_listed
Journal of Environmental Economics & Management,Ultimate,https://about.ebsco.com/m/ee/Marketing/titleLists/bsu-journals.htm,Academic Journal,0095-0696,Journal of Environmental Economics & Management,Academic Press,01/01/1994,,,,,Available Now,EEM,indexed_no_full_text_listed
Energy Economics,Premier,https://about.ebsco.com/m/ee/Marketing/titleLists/buh-journals.htm,Academic Journal,0140-9883,Energy Economics,Elsevier Science,04/01/1996,,,,,Available Now,1KQ,indexed_no_full_text_listed
Energy Economics,Complete,https://about.ebsco.com/m/ee/Marketing/titleLists/bth-journals.htm,Academic Journal,0140-9883,Energy Economics,Elsevier Science,04/01/1996,,,,,Available Now,1KQ,indexed_no_full_text_listed
Energy Economics,Ultimate,https://about.ebsco.com/m/ee/Marketing/titleLists/bsu-journals.htm,Academic Journal,0140-9883,Energy Economics,Elsevier Science,04/01/1996,,,,,Available Now,1KQ,indexed_no_full_text_listed
Resource & Energy Economics,Premier,https://about.ebsco.com/m/ee/Marketing/titleLists/buh-journals.htm,Academic Journal,0928-7655,Resource & Energy Economics,Elsevier Science,03/01/1997,,,,,Available Now,1MG,indexed_no_full_text_listed
Resource & Energy Economics,Complete,https://about.ebsco.com/m/ee/Marketing/titleLists/bth-journals.htm,Academic Journal,0928-7655,Resource & Energy Economics,Elsevier Science,03/01/1997,,,,,Available Now,1MG,indexed_no_full_text_listed
Resource & Energy Economics,Ultimate,https://about.ebsco.com/m/ee/Marketing/titleLists/bsu-journals.htm,Academic Journal,0928-7655,Resource & Energy Economics,Elsevier Science,03/01/1997,,,,,Available Now,1MG,indexed_no_full_text_listed
Journal of Health Economics,Premier,https://about.ebsco.com/m/ee/Marketing/titleLists/buh-journals.htm,Academic Journal,0167-6296,Journal of Health Economics,Elsevier Science,03/01/1994,,,,,Available Now,JOH,indexed_no_full_text_listed
Journal of Health Economics,Complete,https://about.ebsco.com/m/ee/Marketing/titleLists/bth-journals.htm,Academic Journal,0167-6296,Journal of Health Economics,Elsevier Science,03/01/1994,,,,,Available Now,JOH,indexed_no_full_text_listed
Journal of Health Economics,Ultimate,https://about.ebsco.com/m/ee/Marketing/titleLists/bsu-journals.htm,Academic Journal,0167-6296,Journal of Health Economics,Elsevier Science,03/01/1994,,,,,Available Now,JOH,indexed_no_full_text_listed
Journal of Urban Economics,Premier,https://about.ebsco.com/m/ee/Marketing/titleLists/buh-journals.htm,Academic Journal,0094-1190,Journal of Urban Economics,Academic Press,01/01/1974,,,,,Available Now,JUE,indexed_no_full_text_listed
Journal of Urban Economics,Complete,https://about.ebsco.com/m/ee/Marketing/titleLists/bth-journals.htm,Academic Journal,0094-1190,Journal of Urban Economics,Academic Press,01/01/1974,,,,,Available Now,JUE,indexed_no_full_text_listed
Journal of Urban Economics,Ultimate,https://about.ebsco.com/m/ee/Marketing/titleLists/bsu-journals.htm,Academic Journal,0094-1190,Journal of Urban Economics,Academic Press,01/01/1974,,,,,Available Now,JUE,indexed_no_full_text_listed
Journal of Economic Dynamics & Control,Premier,https://about.ebsco.com/m/ee/Marketing/titleLists/buh-journals.htm,Academic Journal,0165-1889,Journal of Economic Dynamics & Control,Elsevier B.V.,02/01/1979,,,,,Available Now,EDY,indexed_no_full_text_listed
Journal of Economic Dynamics & Control,Complete,https://about.ebsco.com/m/ee/Marketing/titleLists/bth-journals.htm,Academic Journal,0165-1889,Journal of Economic Dynamics & Control,Elsevier B.V.,02/01/1979,,,,,Available Now,EDY,indexed_no_full_text_listed
Journal of Economic Dynamics & Control,Ultimate,https://about.ebsco.com/m/ee/Marketing/titleLists/bsu-journals.htm,Academic Journal,0165-1889,Journal of Economic Dynamics & Control,Elsevier B.V.,02/01/1979,,,,,Available Now,EDY,indexed_no_full_text_listed
Review of Economic Dynamics,Premier,https://about.ebsco.com/m/ee/Marketing/titleLists/buh-journals.htm,Academic Journal,1094-2025,Review of Economic Dynamics,Academic Press,01/01/2001,,,,,Available Now,6WJ,indexed_no_full_text_listed
Review of Economic Dynamics,Complete,https://about.ebsco.com/m/ee/Marketing/titleLists/bth-journals.htm,Academic Journal,1094-2025,Review of Economic Dynamics,Academic Press,01/01/2001,,,,,Available Now,6WJ,indexed_no_full_text_listed
Review of Economic Dynamics,Ultimate,https://about.ebsco.com/m/ee/Marketing/titleLists/bsu-journals.htm,Academic Journal,1094-2025,Review of Economic Dynamics,Academic Press,01/01/2001,,,,,Available Now,6WJ,indexed_no_full_text_listed
Journal of Economic Growth,Premier,https://about.ebsco.com/m/ee/Marketing/titleLists/buh-journals.htm,Academic Journal,1381-4338,Journal of Economic Growth,Springer Nature,01/01/1997,,,,,Available Now,GGB,indexed_no_full_text_listed
Journal of Economic Growth,Complete,https://about.ebsco.com/m/ee/Marketing/titleLists/bth-journals.htm,Academic Journal,1381-4338,Journal of Economic Growth,Springer Nature,01/01/1997,,01/01/2004,,12,Available Now,GGB,full_text_embargo
Journal of Economic Growth,Ultimate,https://about.ebsco.com/m/ee/Marketing/titleLists/bsu-journals.htm,Academic Journal,1381-4338,Journal of Economic Growth,Springer Nature,01/01/1997,,01/01/2004,,12,Available Now,GGB,full_text_embargo
Journal of Finance,Premier,https://about.ebsco.com/m/ee/Marketing/titleLists/buh-journals.htm,Academic Journal,0022-1082,"Journal of Finance (John Wiley & Sons, Inc.)","John Wiley & Sons, Inc.",01/01/2010,,,,,Available Now,LVE0,indexed_no_full_text_listed
Journal of Finance,Premier,https://about.ebsco.com/m/ee/Marketing/titleLists/buh-journals.htm,Academic Journal,0022-1082,Journal of Finance (Wiley-Blackwell),Wiley-Blackwell,08/01/1946,12/31/2009,,,,Available Now,FIN,indexed_no_full_text_listed
Journal of Finance,Complete,https://about.ebsco.com/m/ee/Marketing/titleLists/bth-journals.htm,Academic Journal,0022-1082,"Journal of Finance (John Wiley & Sons, Inc.)","John Wiley & Sons, Inc.",01/01/2010,,,,,Available Now,LVE0,indexed_no_full_text_listed
Journal of Finance,Complete,https://about.ebsco.com/m/ee/Marketing/titleLists/bth-journals.htm,Academic Journal,0022-1082,Journal of Finance (Wiley-Blackwell),Wiley-Blackwell,08/01/1946,12/31/2009,,,,Available Now,FIN,indexed_no_full_text_listed
Journal of Finance,Ultimate,https://about.ebsco.com/m/ee/Marketing/titleLists/bsu-journals.htm,Academic Journal,0022-1082,"Journal of Finance (John Wiley & Sons, Inc.)","John Wiley & Sons, Inc.",01/01/2010,,01/01/2010,,,Available Now,LVE0,full_text_no_delay_listed
Journal of Finance,Ultimate,https://about.ebsco.com/m/ee/Marketing/titleLists/bsu-journals.htm,Academic Journal,0022-1082,Journal of Finance (Wiley-Blackwell),Wiley-Blackwell,08/01/1946,12/31/2009,08/01/1946,12/31/2009,,Available Now,FIN,full_text_ended
Journal of Financial Economics,Premier,https://about.ebsco.com/m/ee/Marketing/titleLists/buh-journals.htm,Academic Journal,0304-405X,Journal of Financial Economics,Elsevier B.V.,05/01/1974,,,,,Available Now,FEM,indexed_no_full_text_listed
Journal of Financial Economics,Complete,https://about.ebsco.com/m/ee/Marketing/titleLists/bth-journals.htm,Academic Journal,0304-405X,Journal of Financial Economics,Elsevier B.V.,05/01/1974,,,,,Available Now,FEM,indexed_no_full_text_listed
Journal of Financial Economics,Ultimate,https://about.ebsco.com/m/ee/Marketing/titleLists/bsu-journals.htm,Academic Journal,0304-405X,Journal of Financial Economics,Elsevier B.V.,05/01/1974,,,,,Available Now,FEM,indexed_no_full_text_listed
Review of Financial Studies,Premier,https://about.ebsco.com/m/ee/Marketing/titleLists/buh-journals.htm,Academic Journal,0893-9454,Review of Financial Studies,Oxford University Press,03/01/1988,,,,,Available Now,2H0,indexed_no_full_text_listed
Review of Financial Studies,Complete,https://about.ebsco.com/m/ee/Marketing/titleLists/bth-journals.htm,Academic Journal,0893-9454,Review of Financial Studies,Oxford University Press,03/01/1988,,,,,Available Now,2H0,indexed_no_full_text_listed
Review of Financial Studies,Ultimate,https://about.ebsco.com/m/ee/Marketing/titleLists/bsu-journals.htm,Academic Journal,0893-9454,Review of Financial Studies,Oxford University Press,03/01/1988,,01/01/1996,,12,Available Now,2H0,full_text_embargo
Review of Finance,Premier,https://about.ebsco.com/m/ee/Marketing/titleLists/buh-journals.htm,Academic Journal,1572-3097,Review of Finance,Oxford University Press,01/01/2004,,,,,Available Now,AG1,indexed_no_full_text_listed
Review of Finance,Complete,https://about.ebsco.com/m/ee/Marketing/titleLists/bth-journals.htm,Academic Journal,1572-3097,Review of Finance,Oxford University Press,01/01/2004,,,,,Available Now,AG1,indexed_no_full_text_listed
Review of Finance,Ultimate,https://about.ebsco.com/m/ee/Marketing/titleLists/bsu-journals.htm,Academic Journal,1572-3097,Review of Finance,Oxford University Press,01/01/2004,,01/01/2004,,12,Available Now,AG1,full_text_embargo
Journal of Financial & Quantitative Analysis,Premier,https://about.ebsco.com/m/ee/Marketing/titleLists/buh-journals.htm,Academic Journal,0022-1090,Journal of Financial & Quantitative Analysis,Cambridge University Press,03/01/1966,,03/01/1966,,12,Available Now,FQA,full_text_embargo
Journal of Financial & Quantitative Analysis,Complete,https://about.ebsco.com/m/ee/Marketing/titleLists/bth-journals.htm,Academic Journal,0022-1090,Journal of Financial & Quantitative Analysis,Cambridge University Press,03/01/1966,,03/01/1966,,12,Available Now,FQA,full_text_embargo
Journal of Financial & Quantitative Analysis,Ultimate,https://about.ebsco.com/m/ee/Marketing/titleLists/bsu-journals.htm,Academic Journal,0022-1090,Journal of Financial & Quantitative Analysis,Cambridge University Press,03/01/1966,,03/01/1966,,12,Available Now,FQA,full_text_embargo
Mathematical Finance,Premier,https://about.ebsco.com/m/ee/Marketing/titleLists/buh-journals.htm,Academic Journal,0960-1627,Mathematical Finance,Wiley-Blackwell,01/01/1997,,01/01/1997,,12,Available Now,1N8,full_text_embargo
Mathematical Finance,Complete,https://about.ebsco.com/m/ee/Marketing/titleLists/bth-journals.htm,Academic Journal,0960-1627,Mathematical Finance,Wiley-Blackwell,01/01/1997,,01/01/1997,,12,Available Now,1N8,full_text_embargo
Mathematical Finance,Ultimate,https://about.ebsco.com/m/ee/Marketing/titleLists/bsu-journals.htm,Academic Journal,0960-1627,Mathematical Finance,Wiley-Blackwell,01/01/1997,,01/01/1997,,12,Available Now,1N8,full_text_embargo
Finance & Stochastics,Premier,https://about.ebsco.com/m/ee/Marketing/titleLists/buh-journals.htm,Academic Journal,0949-2984,Finance & Stochastics,Springer Nature,01/01/1997,,01/01/1997,,12,Available Now,71Y,full_text_embargo
Finance & Stochastics,Complete,https://about.ebsco.com/m/ee/Marketing/titleLists/bth-journals.htm,Academic Journal,0949-2984,Finance & Stochastics,Springer Nature,01/01/1997,,01/01/1997,,12,Available Now,71Y,full_text_embargo
Finance & Stochastics,Ultimate,https://about.ebsco.com/m/ee/Marketing/titleLists/bsu-journals.htm,Academic Journal,0949-2984,Finance & Stochastics,Springer Nature,01/01/1997,,01/01/1997,,12,Available Now,71Y,full_text_embargo
Journal of the American Statistical Association,Premier,https://about.ebsco.com/m/ee/Marketing/titleLists/buh-journals.htm,Academic Journal,0162-1459,Journal of the American Statistical Association,Taylor & Francis Ltd,03/01/1965,,,,,Available Now,ASN,indexed_no_full_text_listed
Journal of the American Statistical Association,Complete,https://about.ebsco.com/m/ee/Marketing/titleLists/bth-journals.htm,Academic Journal,0162-1459,Journal of the American Statistical Association,Taylor & Francis Ltd,03/01/1965,,,,,Available Now,ASN,indexed_no_full_text_listed
Journal of the American Statistical Association,Ultimate,https://about.ebsco.com/m/ee/Marketing/titleLists/bsu-journals.htm,Academic Journal,0162-1459,Journal of the American Statistical Association,Taylor & Francis Ltd,03/01/1965,,,,,Available Now,ASN,indexed_no_full_text_listed
Journal of the Royal Statistical Society: Series B (Statistical Methodology),Premier,https://about.ebsco.com/m/ee/Marketing/titleLists/buh-journals.htm,Academic Journal,1369-7412,Journal of the Royal Statistical Society: Series B (Statistical Methodology),Oxford University Press,01/01/1998,,01/01/1998,,12,Available Now,BQO,full_text_embargo
Journal of the Royal Statistical Society: Series B (Statistical Methodology),Complete,https://about.ebsco.com/m/ee/Marketing/titleLists/bth-journals.htm,Academic Journal,1369-7412,Journal of the Royal Statistical Society: Series B (Statistical Methodology),Oxford University Press,01/01/1998,,01/01/1998,,12,Available Now,BQO,full_text_embargo
Journal of the Royal Statistical Society: Series B (Statistical Methodology),Ultimate,https://about.ebsco.com/m/ee/Marketing/titleLists/bsu-journals.htm,Academic Journal,1369-7412,Journal of the Royal Statistical Society: Series B (Statistical Methodology),Oxford University Press,01/01/1998,,01/01/1998,,12,Available Now,BQO,full_text_embargo
Journal of Machine Learning Research,Premier,https://about.ebsco.com/m/ee/Marketing/titleLists/buh-journals.htm,Academic Journal,1532-4435,Journal of Machine Learning Research,Microtome Publishing,10/01/2000,,10/01/2000,07/11/2005,,Available Now,HZR,full_text_ended
Journal of Machine Learning Research,Complete,https://about.ebsco.com/m/ee/Marketing/titleLists/bth-journals.htm,Academic Journal,1532-4435,Journal of Machine Learning Research,Microtome Publishing,10/01/2000,,10/01/2000,07/11/2005,,Available Now,HZR,full_text_ended
Journal of Machine Learning Research,Ultimate,https://about.ebsco.com/m/ee/Marketing/titleLists/bsu-journals.htm,Academic Journal,1532-4435,Journal of Machine Learning Research,Microtome Publishing,10/01/2000,,10/01/2000,07/11/2005,,Available Now,HZR,full_text_ended
